
> ezhalah-app@1.0.0 test
> node --experimental-strip-types --disable-warning=MODULE_TYPELESS_PACKAGE_JSON scripts/run-tests.mjs

run-tests: 208 checks (18 deliberately excluded — see scripts/test-exclusions.txt)

  PASS  identity changed at the same live URL (ABREA166 -> ABRE166) → gone
  PASS  identity changed at the same live URL (ABRE3334 -> ABRE334) → gone
  PASS  identity matches and the post is live → live
  PASS  identity matches and the source says Rented → gone
  PASS  identity matches and the source says Sold → gone
  PASS  page publishes no Property ID (md5-slug ad), live → live
  PASS  page publishes no Property ID, status unreadable → unknown
  PASS  identity matches, status unreadable -> never guessed → unknown
  PASS  post deleted outright → gone
  PASS  blocked / truncated body is never proof of death → retry
  PASS  Property ID punctuation and case are normalised → live
  PASS  bare numeric Property ID gets the AB prefix → live
  PASS  mutation: ABREA166 with the identity clause removed → live (bug reproduced, so the clause is load-bearing)
  PASS  mutation: ABRE3334 with the identity clause removed → live (bug reproduced, so the clause is load-bearing)

✓ same live URL + changed source Property ID → exactly one user-reachable card (identity clause mutation-proven load-bearing)
PASS  1a. the old five-card About stack is gone (no secCard/secIc icon-circle rhythm)
PASS  1b. the single-screen composition exists (aboutMain hero/panel row + legalStrip colophon)
PASS  2a. the desktop About height cap exists and stays single-screen (580 ≤ 648)
PASS  2b. the about scroll container fills the card (scrollFill/flexGrow) so the layout can center
PASS  3a. the visual panel declares its canvas width (320) and clips it (overflow hidden)
PASS  3b. all 4 placed art elements fit inside the 320px panel (≥2 mini-cards, ≥2 parcels)
PASS  4. no letterSpacing in any About style (Latin tracking mangles Arabic script)
PASS  5. every string InfoModal displays has an Arabic dictionary entry (30 keys)
PASS  6. no Arabic dash separator («—») in any string the About/Support dialog displays
PASS  7. the visual panel renders only in the desktop branch; the mobile branch keeps the skyline footer
PASS  8. all 10 required legal/brand/hero strings are rendered by the dialog
PASS  9. reduced motion: hook wired, Sheet scale pinned to 1, stagger disabled (IS_WEB && !reduced)
PASS  9b. the stagger flip has a timer fallback beside rAF (visibility never gated on rAF alone)
PASS  10. Sidebar still opens «من نحن» via openInfo('about') and InfoModal still hosts both bodies
PASS  honesty: the platform count is PLATFORM_META.length at compile time, never a hardcoded digit

✓ about-premium-contract: «من نحن» keeps its single-screen premium contract
PASS  an edge function exists to delete the account
PASS  auth.ts exposes deleteAccountBackend()
PASS  it invokes the delete-account function
PASS  it reports FALSE unless the server confirmed the delete
PASS  deleteAccount awaits the server BEFORE touching local state
PASS  deleteAccount resolves a boolean the caller can act on
PASS  the function identifies the caller from their own token (auth.getUser)
PASS  it deletes exactly that id
PASS  it never reads a user id out of the request body
PASS  it refuses unauthenticated callers
PASS  a misconfigured function fails loudly instead of reporting success
PASS  removeKeysSync exists and uses synchronous localStorage.removeItem
PASS  deleteAccount erases synchronously BEFORE the async AsyncStorage call
PASS  signOut erases synchronously too (same 1.2s navigation race)
PASS  deleteAccount clears the guest bucket as well as this account’s
PASS  deleteAccount still clears the signed-in account’s own bucket
PASS  settings awaits the result instead of assuming success
PASS  a failed delete does NOT navigate away
PASS  a failed delete shows the user an error

✅ account-deletion contract holds.

Sidebar-anchored account menu — interaction contract

PASS  src/app/settings.tsx no longer exists
PASS  no settings Stack.Screen remains in the root layout
PASS  the sidebar no longer navigates to '/settings'
PASS  the sidebar renders the AccountMenu instead
PASS  the menu is mounted in BOTH sidebar trees (docked + drawer)
PASS  the panel is absolutely positioned with a bottom anchor (grows up from the profile row)
PASS  the profile row is the trigger (testID account-menu-trigger)
PASS  the settings nav link opens the menu for signed-in users and sign-in for guests
PASS  a full-viewport scrim closes on outside click
PASS  Escape closes — capture-phase keydown, registered only while open
PASS  the unmount hand-off is timer-driven, never an animation callback (rAF freeze rule)
PASS  resolveTheme('system', OS dark) === 'dark'
PASS  resolveTheme('system', OS light) === 'light'
PASS  resolveTheme('dark', OS light) === 'dark' — an explicit choice beats the OS
PASS  resolveTheme('light', OS dark) === 'light'
PASS  themeColors maps resolved themes to the right palettes
PASS  isThemeMode accepts exactly the three modes
PASS  the dark palette covers every light token (no key can fall through to undefined)
PASS  setMode persists synchronously on web AND mirrors to AsyncStorage
PASS  SSR parity: initial state is the server value; storage/matchMedia are read in effects only
PASS  'system' tracks the OS LIVE (a change listener, not a one-time read)
PASS  the menu offers exactly System / Light / Dark and applies the choice via setMode
PASS  i18n setLocale still guards l !== 'ar' (the product is Arabic-only)
PASS  the menu marks العربية active and lists English as disabled
PASS  logout confirm calls signOut() and lands on the logged-out home
PASS  deletion awaits deleteAccount() and only navigates on confirmed success
PASS  the destructive action lives in the account view, not the menu root
PASS  the panel is inset from both edges (left+right) — width follows the sidebar, no fixed width
PASS  height is capped to the window with an internal ScrollView for the account view
PASS  the three heavy views render in the centered container, quick views stay anchored
PASS  the centered root is a full-viewport fixed layer, card centered — never bottom-anchored
PASS  the backdrop dims AND blurs the app behind it (web)
PASS  the account popup is the LARGE surface (560) with its own × close; confirmations stay 360
PASS  backdrop/Escape CANCEL the safest step: delete steps back to account, others close
PASS  logout cancel closes the popup — never a hop back into the sidebar panel
PASS  testID account-menu is present
PASS  testID account-menu-appearance is present
PASS  testID appearance-system|light|dark is present
PASS  testID account-menu-language is present
PASS  testID account-menu-help is present
PASS  testID account-menu-account is present
PASS  testID account-menu-signout is present
PASS  testID account-menu-delete is present
PASS  testID account-menu-signout-confirm is present
PASS  testID account-menu-delete-confirm is present
PASS  testID account-menu-back is present
PASS  testID account-popup is present
PASS  testID logout-popup is present
PASS  testID delete-popup is present
PASS  testID account-popup-backdrop is present
PASS  testID account-popup-close is present
PASS  testID logout-popup-cancel is present

  mutation proof — each new guard must FAIL on its own defect

  PASS  catches: the account view being squeezed back into the anchored panel
  PASS  catches: the backdrop losing its blur (plain dim only)
  PASS  catches: Escape during delete falling through to a full close (losing the safe step-back)
  PASS  catches: logout cancel hopping back into the sidebar panel again

✅ account-menu contract holds.
PASS  cleanDate() found in src/components/ResultCard.tsx
PASS  i18n renders «مؤخراً» for 'recently'
PASS  aqarcity_commercial_listings:595011 «2025-09-21T20:33:43+03:00» → «21/09/2025» (repro card #4)
PASS  aqarcity_commercial_listings:594964 «2025-09-30T20:56:11+03:00» → «30/09/2025» (ISO)
PASS  aqarcity_commercial_listings:9022955 «2026-08-22T14:18:35+03:00» → «22/08/2026» (ISO)
PASS  aqarcity_commercial_listings:593565 «2026-04-27T17:40:28+03:00» → «27/04/2026» (ISO)
PASS  aqarcity_commercial_listings:595167 «2025-08-19T18:36:17+03:00» → «19/08/2025» (ISO)
PASS  aqarcity_commercial_listings:594167 «2026-01-27T17:03:06+03:00» → «27/01/2026» (ISO)
PASS  aqar_commercial_listings:4899386 «15/07/2026» → «15/07/2026» (aqar)
PASS  aqar_commercial_listings:369310 «04/03/2026» → «04/03/2026» (aqar)
PASS  aqar_commercial_listings:4322000 «21/07/2026» → «21/07/2026» (aqar)
PASS  bare ISO date «2026-08-22» → «22/08/2026»
PASS  space-separated stamp «2026-08-22 14:18:35» → date
PASS  UTC «Z» stamp «2026-08-22T11:18:35Z» → «22/08/2026»
PASS  DD/MM/YYYY inside scraper junk still wins
PASS  the 'recently' sentinel still localises
PASS  missing date still renders nothing
PASS  empty string still renders nothing
PASS  unparseable long junk still renders nothing
PASS  no source-published date is dropped (9 real rows)
PASS  cleanDate() does not construct a Date (no timezone drift)
PASS  the «أضيف» chip still renders from listedClean = cleanDate(listing.listed)
PASS  i18n renders «أضيف» for 'Added'

ALL PASS
PASS  AdvancedQuestion declares exactly the 8 contract fields (id/title/description?/brandImage?/selection/eligibility/resolveOptions/apply)
PASS  the old per-mode API is GONE — no mode/fetchOptions/applyAnswer/applyMulti/liveCount on questions
PASS  all four questions use selection + eligibility + resolveOptions
PASS  the pool contains all five questions and rankQuestions re-ranks it contextually
PASS  the orchestrator re-ranks after every answer and tracks asked questions (never re-asks)
PASS  installments is ask-first via a TIER applied in the sort, never by bypassing the gates
PASS  scoreQuestion gates on scope size and the shared narrowing predicate, not selectivity
PASS  the installment question stays a single binary source-confirmed chip (no invented frequencies)
PASS  furnished question is single-select, cohort-gated, true tri-state via furnishedPref
PASS  COHORT_QUESTIONS exists, Monthly keys exist ONLY for the certified cohorts (شقة/غرفة/فيلا)
PASS  every Monthly question list draws ONLY from the Monthly-certified set (no Annual copy-paste)
PASS  no Monthly list carries a fresh-dead Annual staple (age/furnished/rnpl/street_width/direction)
PASS  no Buy list contains a rent-only question
PASS  the rating question is cohort-gated, single-select, monotone, and review-confidence rides WITH a rating floor
PASS  the unit-subtype question is strict Gathern vocabulary and never rewrites the canonical taxonomy
PASS  the pool carries the two new data-justified questions (street_width + direction)
PASS  RNPL + amenities are multi; age + bathrooms are single
PASS  age's eligibility lives in its own config, and agent.tsx no longer holds the age gate
PASS  one shared per-option floor (MIN_REAL_OPTION_COUNT via meaningful()); the >0-chips vs >=5-buckets split is banned
PASS  cohortAllows matches the clean type macro and COHORT_CHIPS scopes commercial chips
PASS  Villa cohort lists exist and the villa chips are Villa-scoped
PASS  RNPL + amenities + bathrooms are cohort-gated through cohortAllows
PASS  cohortAllows has an explicit 'both' branch (intersection of RentAnnual and RentMonthly), never aliasing to Annual
PASS  Furnished chip is cohort-gated — never offered where the cohort config withholds it
PASS  the card branches on selection ONLY — never on a question id
PASS  the card uses design tokens and has ZERO raw hex/rgba color literals
PASS  ONE shared row template — no separate single/multi bodies
PASS  footer Continue-{N} primary + Skip + Skip-all render for every question
PASS  a live count pill renders on EVERY option row (both modes)
PASS  progress is animated and shared
PASS  no numeric Question-N-of-M caption renders (subtle bar only)
PASS  a single tap NEVER auto-advances (no timer-driven onConfirm)
PASS  double tap on the same option confirms, via the SAME onPress path (no rival dbl handler)
PASS  «رجوع» renders on the question card and rides onBack
PASS  the always-available escape link reads «عرض النتائج» and rides onSkipAll with the selection
PASS  the primary reads Continue · {count} results with the live count, for every arity
PASS  availability is explained naturally (no database language, no unknown-count phrasing)
PASS  the intro card exists with the count + invitation + supporting line
PASS  a live narrowing count chip renders in the card bar and motion respects reduced-motion
PASS  brand images are card-owned: registry in the card, single shared slot, token-only config
PASS  every question is select-then-confirm: rows select, the footer commits
PASS  progress denominator = ageFlow.progressTotal (the eligible set), NOT the static ADVANCED_QUESTIONS.length
PASS  agent builds a plan, presents via one confirm handler, and enters via anyGuidedEligible
PASS  startAgeFlow takes a fallbackToRefine flag and only pops refine chips when it is set
PASS  …and the chips can never replace AF on an UNDETERMINED probe batch (owner 2026-08-26)
PASS  the auto-open trigger call site (>25 results -> startAgeFlow(..., { auto: true })) stays REMOVED
PASS  no auto-entry into the interview can return under ANY spelling
PASS  the guided flow stays reachable on demand via the narrow-it-down button
PASS  the result-intro count comes from matchTotal via quotableTotal(), never a page-capped length
PASS  quotableTotal prefers matchTotal over the page-capped listings length
PASS  quotableTotal refuses to quote a total the RPC never applied (client-only / annualized)
PASS  mining dismissal is setTimeout-driven with a hard failsafe (never an animation callback)
PASS  mining shows real numbers and respects reduced motion
PASS  removable pills rebuild the query from baseQ via the questions’ own apply()
PASS  both count RPCs spread rpcCountFilterParams (sort-free), never rpcFilterParams

✓ all advanced-filter contract assertions passed
PASS  first answer installs the picked floor
PASS  THE BUG: re-answering «1+» on top of «3+» must NOT widen to 1
PASS  re-answering «2+» on top of «3+» must NOT widen to 2
PASS  re-answering «4+» on top of «3+» narrows to 4
PASS  empty answer (no preference) leaves the floor untouched
PASS  a junk key never nulls an existing floor
PASS  shipped apply() uses Math.max against the existing floor
PASS  shipped apply() no longer REPLACES bathMin (the pre-fix one-liner is gone)
PASS  unanswered → all four rungs offered
PASS  bathMin=3 → only «4+» can narrow
PASS  bathMin=4 → nothing left to ask (question retires)
PASS  shipped resolveOptions filters rungs above the current floor
PASS  advancedFilters imports hasClientOnlyNarrowing from the search engine
PASS  eligibleQuestions returns NO questions when a client-only narrower is active
PASS  eligibleQuestions still applies each question's own eligibility() gate
PASS  anyGuidedEligible body located in agent.tsx (extraction must fail loudly, never silently pass)
PASS  the offer gate (anyGuidedEligible) still consults eligibleQuestions — advanced questions alone open it
PASS  ...and a resolved scope with NO eligible advanced question does not open it
PASS  an unresolved scope tier is itself a reason to open (the 2026-08-23 fix)
PASS  THE KILL SWITCH: a client-only narrower zeroes the offer even with advanced questions eligible
PASS  THE KILL SWITCH AT THE GATE: an unresolved scope must NOT sneak past client-only narrowing
PASS  the flow planner (startAgeFlow) routes through rankQuestions -> eligibleQuestions
PASS  NO call site re-derives eligibility by filtering ADVANCED_QUESTIONS itself (contract: gates live in the engine)
PASS  hasClientOnlyNarrowing still guards the exact count headline too (its original job)
PASS  hasClientOnlyNarrowing still covers all three narrowers
PASS  buildQuery writes q.amenities from the answer
PASS  AMENITY_TOKEN map exists
PASS  every mapped token is in the live RPC vocabulary (mapped: parking, elevator, maid_room, ac)
PASS  Pool and Gym are NOT mapped — no such column exists, and a guessed slug would zero out results
PASS  «Doesn't matter» is treated as a skip, not an answer
PASS  a genuine amenity answer is still treated as an answer
PASS  shipped real() excludes the no-preference option

All advanced-filter count-honesty checks passed.

Advanced Filter — «رجوع» state restoration + single/double tap contract

PASS  the question being asked is NOT yet applied to the query
PASS  Back drops the later predicate and preserves every earlier answer
PASS  changing an earlier answer leaves NO stale predicate behind
PASS  re-answering an APPENDING question replaces, never accumulates
PASS  Skip writes NO predicate yet counts as asked (never a false/No)
PASS  walking Back past a skip restores it as open, not as a negative answer
PASS  a presented-but-unanswered step is not counted as asked
PASS  facets + summary labels are derived, so Back drops them together with the predicate
PASS  sameKeys ignores tap order (a re-confirm must not look like a change)
PASS  a single tap NEVER auto-advances (no timer-driven onConfirm anywhere in the card)
PASS  the double tap rides the SAME onPress path — no rival dbl-click/long-press handler
PASS  the double-tap branch commits once and returns (cannot advance two questions)
PASS  the tap log is cleared when the question changes (no cross-question double tap)
PASS  «رجوع» renders on the question card with a stable testID and rides onBack
PASS  the card restores the recorded answer instead of clearing on every question change
PASS  Back steps the cursor back exactly one question
PASS  Back bumps the supersession token first and walks back under the BUMPED one (an abandoned in-flight probe cannot re-show the step just left)
PASS  Back from the FIRST question of a ROUND CANCELS it — leaves AF (restoring that turn's controls), drops only this round's record, and neither commits nor searches
PASS  the recorded answer is handed back to the card on Back
PASS  a CHANGED earlier answer triggers re-validation of everything after it
PASS  re-validation keeps a skip, and drops only ineligible or zero-yield later answers
PASS  a re-presented question re-resolves its option counts against the CURRENT scope
PASS  «عرض النتائج» commits the visible selection instead of discarding it
PASS  the query is REBUILT from the record against THIS ROUND's start — never mutated in place, never re-anchored to the carried pre-AF origin
PASS  commitGuidedStep checks the reentrancy guard BEFORE touching any state
PASS  the guard is set before the async work starts and released in a finally (never on just one exit path)
PASS  presentGuided is AWAITED inside commitGuidedStep — the guard must span its network round trip, not just the synchronous part

  mutation proof — each guard must FAIL on its own defect

  PASS  catches: deriveGuided applying the question currently being asked
  PASS  catches: a skip written into the query as a value (false/No)
  PASS  catches: an appending answer accumulating the OLD keys as well as the new
  PASS  catches: sameKeys comparing raw order
  PASS  catches: the 260 ms auto-advance creeping back
  PASS  catches: a rival double-click handler being added
  PASS  catches: «رجوع» losing its testID
  PASS  catches: the card going back to clearing the selection on every question
  PASS  catches: Back walking the cursor somewhere other than exactly one question back
  PASS  catches: Back skipping two questions at once
  PASS  catches: the supersession bump being dropped from the walk-back (a stale probe could re-show the abandoned step)
  PASS  catches: the walk-back capturing the PRE-bump token (postfix ++ hands presentGuided an already-superseded token)
  PASS  catches: Back-to-start no longer restoring the pre-AF controls
  PASS  catches: the pre-AF CTA row losing its !ageFlow gate
  PASS  catches: Back-to-start quietly FINISHING the round instead of cancelling it (a search the user backed out of)
  PASS  catches: Back-to-start committing the on-screen answer on its way out (the «عرض النتائج» shape borrowed by «رجوع»)
  PASS  catches: this round's record surviving the cancel (a re-opened round would resume mid-flight)
  PASS  catches: the cancel skipping the re-derive (ageFlowQueryRef left holding the abandoned round's narrowing)
  PASS  catches: the round rebuild re-anchored to the carried pre-AF origin (rounds 1..N-1 silently dropped)
  PASS  catches: the round losing its own base entirely
  PASS  catches: a changed earlier answer no longer re-validating later ones
  PASS  catches: re-validation starting to drop skips
  PASS  catches: a handler mutating the query in place again
  PASS  catches: a re-presented step showing stale per-option counts
  PASS  catches: «عرض النتائج» going back to discarding the visible selection
  PASS  catches: the restored answer no longer reaching the card
  PASS  catches: the reentrancy guard check being removed from commitGuidedStep
  PASS  catches: the guard release reverting to an early-return path that skips the finally
  PASS  catches: presentGuided reverting to fire-and-forget (guard would release before the re-rank finishes)

✓ «رجوع» restores state without stale predicates; single tap selects, double tap advances one


AF capture-regression discriminator

PASS  a migration in supabase/migrations defines mon_af_new_listing_readiness()
      (checking 20260825122918_af_capture_discriminator_cost_note_names_real_caller.sql)

PASS  capture_state 'upstream_fetch_incomplete' is produced by the detector
PASS  capture_state 'fetched_but_field_absent' is produced by the detector
PASS  capture_state 'unknown_no_fetch_columns' is produced by the detector
PASS  the alert payload carries capture_state
PASS  the alert payload carries the row evidence (fresh_rows_never_detail_fetched)
PASS  the alert payload carries last_enrich_attempt_at (proves the job is still trying)
PASS  the alert payload carries an adjudicate line that routes the reader
PASS  the §B raise condition still reads: fresh_n >= 20 AND all_rate >= 0.20 AND fresh_rate < all_rate*0.5
PASS  the ops_amenity_capture_verified escape hatch is still the ONLY suppressor in that condition
PASS  SILENCER GUARD: no capture_state/fetch_state/never_fetched term appears in the raise condition
PASS  the resolve path is untouched (mon_resolve_key on the same per-segment dedup key)
PASS  severity is still P2 (this change reclassifies causes, it does not re-rank the alert)
PASS  the discriminator query sits INSIDE the raise branch (after the `if`, before the resolve `else`)
PASS  the discriminator is column-guarded (a platform without detail_enriched/enrich_attempted_at is not queried)
PASS  classify(never_fetched=NULL, fresh_n=31) = unknown_no_fetch_columns
PASS  classify(never_fetched=31, fresh_n=31) = upstream_fetch_incomplete
PASS  classify(never_fetched=37, fresh_n=37) = upstream_fetch_incomplete
PASS  classify(never_fetched=0, fresh_n=31) = fetched_but_field_absent
PASS  classify(never_fetched=16, fresh_n=31) = upstream_fetch_incomplete
PASS  classify(never_fetched=15, fresh_n=31) = fetched_but_field_absent
PASS  classify(never_fetched=20, fresh_n=40) = upstream_fetch_incomplete
PASS  classify(never_fetched=19, fresh_n=40) = fetched_but_field_absent
PASS  classify(never_fetched=0, fresh_n=20) = fetched_but_field_absent
PASS  classify(never_fetched=1, fresh_n=1) = upstream_fetch_incomplete
PASS  MUTATION caught: always upstream (the 2026-08-25 misreading, inverted)
PASS  MUTATION caught: always fetched_but_field_absent (would send every alert to a parser rewrite)
PASS  MUTATION caught: null treated as fetched (would invent evidence a platform cannot give)
PASS  MUTATION caught: strict > instead of >= (loses the exact rounding boundary)
PASS  MUTATION caught: floor instead of round (16/31 boundary flips)

All checks passed.


AF R1.1: category is single-select

PASS  switching category sets category = Commercial
PASS  typeGroups cleared on switch
PASS  type cleared on switch
PASS  types cleared on switch
PASS  detail cleared on switch
PASS  contextBeds cleared on switch
PASS  contextBedsList cleared on switch
PASS  contextSize cleared on switch
PASS  tapping the SAME category clears it (null, not the same value)
PASS  toggling off also clears typeGroups/type/types/detail
PASS  cross-category (Res + Factory) offers zero AF questions — property_age
PASS  cross-category (Res + Factory) offers zero AF questions — amenities
PASS  cross-category (Res + Factory) offers zero AF questions — street_width
PASS  cross-category (Com + Apartment) offers zero AF questions
PASS  sanity: matched scope (Res + Apartment + Rent) DOES allow property_age

✓ AF R1.1 intact: category is single-select, cross-category scope offers zero AF questions
  ✓ ensureCityFieldIndex() accepts the advanced params
  ✓ topCitiesByListings() accepts the advanced params
  ✓ matchCitiesByText() accepts the advanced params
  ✓ cityPoolStatus() accepts the advanced params
  ✓ topCitiesByListings() takes the advanced params as a REQUIRED argument (compile-time barrier)
  ✓ matchCitiesByText() takes the advanced params as a REQUIRED argument (compile-time barrier)
  ✓ cityPoolStatus() takes the advanced params as a REQUIRED argument (compile-time barrier)
  ✓ the advanced params are merged into the top_cities_by_deal_ar args
  ✓ the advanced answers are part of the city-pool CACHE KEY (no stale pre-AF pool)
  ✓ the advanced cache key is order-stable (keys sorted)
  ✓ the code knows whether any advanced answer is present
  ✓ the deal-only fallback is AF-gated (no pre-AF count once answers exist)
  ✓ index.tsx builds cityAfParams from the ONE shared builder — rpcAllNarrowingParams(), which spreads rpcAdvancedFilterParams()
  ✓ rpcAdvancedFilterParams() is still the shared exported definition
  ✓ cityAfParams identity is keyed on its own CONTENT signature (covers every predicate, present and future)
  ✓ index.tsx passes cityAfParams to ensureCityFieldIndex
  ✓ index.tsx passes cityAfParams to topCitiesByListings
  ✓ index.tsx passes cityAfParams to cityPoolStatus
  ✓ index.tsx passes cityAfParams to matchCitiesByText
  ✓ no city call site is left on the pre-AF arity

✓ verify-af-city-counts-carry-advanced: 20 checks passed.

Continuous chat: old turns are history, only the newest one still has controls

PASS  the newest results turn is identified by scanning the thread backwards
PASS  each results turn knows whether it is the newest one
PASS  «عرض المزيد» is offered by the newest turn only
PASS  «تحديد أكثر» is offered by the newest turn only
PASS  the spoken closing note names the same two latest-turn-aware flags
PASS  `isLatestResults` gates the two buttons and NOTHING else (counts/messages/cards stay honest per turn)
PASS  the closing count still comes from resultCounts() on EVERY turn (see verify-result-cap-honesty.ts)
PASS  a results turn renders its cards from its own reveal count, ungated by recency
PASS  the cards render ABOVE the actions/receipt slot, so swapping that slot cannot take them with it
PASS  a new turn freezes the previous turn's cascade at what it had, and touches no other turn
PASS  the receipt is the ELSE branch of the actions row (the two can never render together)
PASS  the receipt block is present and holds the choices line
PASS  the receipt has nothing to tap (no Pressable, no press handler)
PASS  the receipt states the round's choices through the shared summary builder
PASS  an empty summary renders NO receipt at all (nothing committed ⇒ nothing to record)
PASS  the receipt is written for the ORIGIN turn from the COMMITTED facets only
PASS  the receipt strings are translated with the owner's exact wording
PASS  a skipped question is still recorded as ASKED (so the next round never re-asks it)
PASS  a skipped question commits NO facet (the receipt has nothing to print for it)
PASS  the receipt string lists both committed answers
PASS  the receipt string never mentions the SKIPPED answer
PASS  a round that skipped everything produces an EMPTY summary (⇒ no receipt renders)
PASS  «عرض المزيد» is rendered inside the hasMore gate, so it disappears once there is nothing left
PASS  loading more APPENDS to the same turn (cards continue below; nothing is replaced)
PASS  the exhausted case has an explicit Arabic all-shown message
PASS  19 matched / 19 shown → no "load more" left, and the honest line is the ALL line stating 19
PASS  635 matched / 10 shown → "load more" is still genuinely offered
PASS  635 matched / 100 shown → paging stops at the browse cap, and 635 stays the stated total
PASS  the round cap ends the round through the shared terminator, not through the card
PASS  a confirm still advances one question (the primary is never terminal)
PASS  the question card is never told where it sits in the round

✓ old turns keep their cards and lose their controls; the receipt records only what was committed; every turn still tells the truth about its own count

verify-af-contract-coverage-map: every Product Contract rule is graded, every grade
  cites a real executing barrier, and the scoring function stays honestly ordered.
  ✓ the Product Contract still defines rules to measure against — 135 R-numbers found
  ✓ EVERY contract rule appears in the coverage map (a new rule cannot land ungraded) — all 135 graded
  ✓ EVERY graded rule still exists in the contract (a rule cannot be dropped to lift the score) — none orphaned
  ✓ no rule is graded twice — none
  ✓ every barrier named anywhere in the map is a real file — 39 barriers all present
  ✓ no L/B grade rests on a barrier that never executes (npm test or a workflow) — every cited barrier runs
  ✓ no rule is graded 'B' (barrier-protected) while naming no barrier — none
  ✓ every grade carries a stated evidence line — all present
  ✓ grade scores stay strictly ordered L > B > P > N
  ✓ a live-proved rule is worth full marks and an uncovered rule is worth nothing
  ✓ an all-N set scores 0 and an all-L set scores 10
  ✓ weights actually weight: one w3 N among w1 Ls must score below the unweighted mean
  ✓ the probe-failure rule is canonical (R2.5.4) OR still registered as an uncontracted gap — canonical as R2.5.4
  ✓ the rule the contract now states is the one the code actually implements

  contract rules graded: 135  (L 46 · B 69 · P 18 · N 2)
  AF        8.6/10
  TRENDING  9.2/10
  INTEGRITY 8.9/10
  OVERALL   8.7/10

✅ verify-af-contract-coverage-map: all checks passed.

Advanced Filter — the displayed count must belong to the displayed selection

PASS  the card still has a live-count effect driven by the current selection
PASS  the resolved count is written UNCONDITIONALLY — no nullish guard between the promise and setCount
PASS  setCount receives the resolved value itself, not a substitute
PASS  the supersession guard on `alive` is still present
PASS  the effect re-runs on selection change (selection is in its dependency list)
PASS  the effect also re-runs when the QUESTION changes
PASS  the header chip renders nothing when the count is unknown
PASS  the primary button drops the number when the count is unknown
PASS  the count fetch is still time-bounded (so the null branch this barrier guards is reachable)
PASS  the stale number is cleared BEFORE the new one is awaited (the in-flight window shows no number)
  PASS  mutation: the exact pre-fix effect is flagged
  PASS  mutation: the fixed effect passes
  PASS  mutation: clearing AFTER the fetch is still flagged — order is the whole point

✅ AF displayed-count-belongs-to-displayed-selection contract passed.

verify-af-count-params-carry-advanced: every advanced-filter answer must reach the
  count surfaces that claim to reflect the user's current filter state.
  ✓ rpcAdvancedFilterParams() exists and is exported
  ✓     helper carries p_amenities
  ✓     helper carries p_bath_min
  ✓     helper carries p_furnished
  ✓     helper carries p_street_width_min
  ✓     helper carries p_directions
  ✓     helper carries p_rating_min
  ✓     helper carries p_reviews_min
  ✓     helper carries p_unit_subtypes
  ✓     helper carries p_age_min
  ✓     helper carries p_age_max
  ✓     helper carries p_is_new_construction
  ✓ fetchDistrictEligibleCounts() found
  ✓     district count base spreads rpcAdvancedFilterParams(q) — without it every district overstates whenever an advanced question is answered
  ✓ districtNarrowingSig found in src/app/index.tsx
  ✓     districtNarrowingSig includes query.amenities
  ✓     districtNarrowingSig includes query.bathMin
  ✓     districtNarrowingSig includes query.furnishedPref
  ✓     districtNarrowingSig includes query.ratingMin
  ✓     districtNarrowingSig includes query.unitSubtypes
  ✓     districtNarrowingSig includes query.ageMin
  ✓     districtNarrowingSig includes query.isNewConstruction
  ✓     SearchQuery.amenities maps to p_amenities in the helper
  ✓     SearchQuery.bathMin maps to p_bath_min in the helper
  ✓     SearchQuery.furnishedPref maps to p_furnished in the helper
  ✓     SearchQuery.streetWidthMin maps to p_street_width_min in the helper
  ✓     SearchQuery.directions maps to p_directions in the helper
  ✓     SearchQuery.ratingMin maps to p_rating_min in the helper
  ✓     SearchQuery.reviewsMin maps to p_reviews_min in the helper
  ✓     SearchQuery.unitSubtypes maps to p_unit_subtypes in the helper
  ✓ fetchPropertyAgeOptionCounts() found
  ✓     age count spreads rpcAdvancedFilterParams(q) via ageAgnostic() — a hand-copied param list stops carrying any advanced question added later
  ✓     age count does not re-list p_amenities by hand
  ✓     age count does not re-list p_bath_min by hand
  ✓     age count does not re-list p_furnished by hand
  ✓     age count does not re-list p_street_width_min by hand
  ✓     age count does not re-list p_directions by hand
  ✓     age count does not re-list p_rating_min by hand
  ✓     age count does not re-list p_reviews_min by hand
  ✓     age count does not re-list p_unit_subtypes by hand
  ✓     age count does not re-list p_age_min by hand
  ✓     age count does not re-list p_age_max by hand
  ✓     age count does not re-list p_is_new_construction by hand
  ✓ ageAgnostic() found
  ✓     ageAgnostic() strips p_age_min — sending it collapses every other age bucket to 0
  ✓     ageAgnostic() strips p_age_max — sending it collapses every other age bucket to 0
  ✓     ageAgnostic() strips p_is_new_construction — sending it collapses every other age bucket to 0

✓ verify-af-count-params-carry-advanced: all checks passed.

Advanced Filter — cross-round carry: nothing answered OR skipped is ever asked twice

PASS  a SKIPPED question is recorded in askedIds
PASS  a SKIPPED question produces NO facet — so facets alone can never record it
PASS  an ANSWERED question is both asked and committed
PASS  the carried round-1 ANSWERS survive into round 2's asked-set
PASS  the carried round-1 SKIP survives into round 2's asked-set
PASS  round 2's OWN derived questions are still in the set (the union goes both ways)
PASS  round 1 with NO carry (the first round) starts from its own derivation alone
PASS  a round OPENS with every earlier-round question already marked asked
PASS  the very first round opens with an EMPTY asked-set (no carry, no invented history)
PASS  exactly TWO writers assign the asked-set (the round seed and the derived union)
PASS  every writer builds a FRESH Set — the asked-set is never mutated in place
PASS  nothing ever grows the asked-set incrementally (no .add / .delete / .clear)
PASS  round 2's plan excludes every question round 1 ANSWERED
PASS  round 2's plan excludes the question round 1 SKIPPED
PASS  round 2's plan still offers what has NOT been asked
PASS  property_age.apply REPLACES — a re-ask discards the earlier answer and WIDENS
PASS  property_age can even be re-answered back to «جديد», dropping the age window entirely
PASS  furnished.apply REPLACES — a re-ask FLIPS the user's committed preference
PASS  finishGuided publishes the asked-set onto the results turn it produced
PASS  the results turn's guided record carries `asked` all the way through runRefine
PASS  «تحديد أكثر» seeds the carry from THAT turn's record, including `asked`
PASS  the carry is written BEFORE startAgeFlow is called (it is read synchronously)
PASS  removing the LAST pill still passes the guided record, so the asked-set survives
PASS  a REMOVED facet is un-asked: its id is dropped from the carried asked-set
PASS  the guided record is never dropped wholesale (no setGuidedPills(null))
PASS  the offer probe asks with the SAME carried asked-set the round will use
PASS  the round's own plan is ranked against the carried set, not a fresh one
PASS  …and no interview ranking call quietly starts from an EMPTY asked-set

mutation proof — each guard must catch its own defect

  ✓ catches: syncGuidedFromSteps reverting to the derivation alone (round 1 vanishes)
  ✓ catches: the carry being reconstructed from FACETS (which cannot record a skip)
  ✓ catches: startAgeFlow re-emptying the asked-set (round 2 re-opens on round 1's question)
  ✓ catches: a third assignment to the asked-set (a second source of truth)
  ✓ catches: the asked-set being grown with .add() instead of derived
  ✓ catches: rankQuestions dropping its asked-set filter (every round asks everything)
  ✓ catches: a fixture that pretended the applies were monotone
  ✓ catches: finishGuided no longer publishing the asked-set onto its results turn
  ✓ catches: the guided record losing `asked` on the way through runRefine
  ✓ catches: the CTA seeding a carry with no history
  ✓ catches: the carry being seeded AFTER the round opens (startAgeFlow reads it synchronously)
  ✓ catches: removeGuidedFacet dropping the record when the last pill goes
  ✓ catches: removeGuidedFacet carrying the REMOVED question forward (pill removal as a one-way door)
  ✓ catches: setGuidedPills(null) coming back (the asked-set goes with it)
  ✓ catches: the offer probe going back to an empty asked-set
  ✓ catches: the offer probe ranking something other than the walked set
  ✓ catches: a round ranking its plan against a fresh set instead of the carried one
  ✓ catches: a rename that would leave the union expression unverified

✓ a question answered OR skipped in an earlier round can never be asked again

✅ verify-af-emoji-summary: 39 assertions passed
PASS  0. the card still has exactly one body ScrollView
PASS  1. «af-confirm» is rendered OUTSIDE the body ScrollView (pinned, cannot scroll off screen)
PASS  1. «af-back» is rendered OUTSIDE the body ScrollView (pinned, cannot scroll off screen)
PASS  1. «af-skip» is rendered OUTSIDE the body ScrollView (pinned, cannot scroll off screen)
PASS  1. «af-skip-all» is rendered OUTSIDE the body ScrollView (pinned, cannot scroll off screen)
PASS  2. the s.foot container is mounted after </ScrollView>, as a sibling
PASS  3. the footer is still inside the card Shell (pinned to the card, not floating over the page)
PASS  4a. the ScrollView carries an explicit style (s.scroll)
PASS  4b. s.scroll declares flexShrink so the option list — never the footer — absorbs the overflow
PASS  5a. the card is still height-capped to the screen (maxHeight)
PASS  5b. the overlay reserves vertical padding, so the card bottom is never the viewport bottom
PASS  6. the footer is a flow sibling, not absolutely positioned over the body

✓ af-footer-onscreen: the AF action row is pinned outside the scroller — it cannot scroll off screen
✓ AF group reachability pinned: 8 shipped groups × 5 shapes; 4 uncertified type(s) held at baseline; 6 group(s) can open Advanced Filter.

AF predicates must agree with an independently-expressed predicate (PostgREST filters)

PASS  Villa/Buy · street width ≥ 20 — RPC total == independent PostgREST count
PASS  Villa/Buy · street width ≥ 20 — the scope really does contain UNKNOWN rows (the test can bite)
PASS  Villa/Buy · street width ≥ 20 — answered + known-not-matching + unknown == base (no unknown leaked in)
PASS  Villa/Buy · bathrooms ≥ 3 — RPC total == independent PostgREST count
PASS  Villa/Buy · bathrooms ≥ 3 — the scope really does contain UNKNOWN rows (the test can bite)
PASS  Villa/Buy · bathrooms ≥ 3 — answered + known-not-matching + unknown == base (no unknown leaked in)
PASS  Apartment/Rent-Annual · confirmed furnished — RPC total == independent PostgREST count
PASS  Apartment/Rent-Annual · confirmed furnished — the scope really does contain UNKNOWN rows (the test can bite)
PASS  Apartment/Rent-Annual · confirmed furnished — answered + known-not-matching + unknown == base (no unknown leaked in)
PASS  Apartment/Rent-Annual · confirmed UNfurnished (tri-state) — RPC total == independent PostgREST count
PASS  Apartment/Rent-Annual · confirmed UNfurnished (tri-state) — the scope really does contain UNKNOWN rows (the test can bite)
PASS  Apartment/Rent-Annual · confirmed UNfurnished (tri-state) — answered + known-not-matching + unknown == base (no unknown leaked in)
PASS  Apartment/Buy · age 3–5 years — RPC total == independent PostgREST count
PASS  Apartment/Buy · age 3–5 years — the scope really does contain UNKNOWN rows (the test can bite)
PASS  Apartment/Buy · age 3–5 years — answered + known-not-matching + unknown == base (no unknown leaked in)
PASS  Apartment/Buy · elevator — RPC total == independent PostgREST count
PASS  Apartment/Buy · elevator — the scope really does contain UNKNOWN rows (the test can bite)
PASS  Apartment/Buy · elevator — answered + known-not-matching + unknown == base (no unknown leaked in)
PASS  Apartment/Rent-Monthly · rating ≥ 9.5 — RPC total == independent PostgREST count
PASS  Apartment/Rent-Monthly · rating ≥ 9.5 — the scope really does contain UNKNOWN rows (the test can bite)
PASS  Apartment/Rent-Monthly · rating ≥ 9.5 — answered + known-not-matching + unknown == base (no unknown leaked in)
PASS  Shop/Rent-Annual · electricity — RPC total == independent PostgREST count
PASS  Shop/Rent-Annual · electricity — the scope really does contain UNKNOWN rows (the test can bite)
PASS  Shop/Rent-Annual · electricity — answered + known-not-matching + unknown == base (no unknown leaked in)
PASS  Residential Land/Buy · street width ≥ 15 — RPC total == independent PostgREST count
PASS  Residential Land/Buy · street width ≥ 15 — the scope really does contain UNKNOWN rows (the test can bite)
PASS  Residential Land/Buy · street width ≥ 15 — answered + known-not-matching + unknown == base (no unknown leaked in)

✓ every AF predicate agrees with an independent implementation, and unknown never passes


Advanced Filter "1+ useful questions to open" gate

PASS  MIN_USEFUL_QUESTIONS_TO_SHOW is declared, exported, and exactly 1 (owner 2026-08-24: 0 hides AF, 1+ shows it)
PASS  the OLD threshold (2) is gone — regression to the superseded ">=2" rule that withheld a lone useful question
PASS  scoreQuestion remains the sole "useful" gate — rankQuestions pushes a question onto `ranked` only when scoreQuestion(...) is non-null
PASS  scoreQuestion itself is unmodified by this change: N < MIN_TOTAL_TO_SHOW still returns null (the existing, separate result-count gate)
PASS  agent.tsx imports MIN_USEFUL_QUESTIONS_TO_SHOW from @/data/advancedFilters
PASS  startAgeFlow's opening guard reads `ageFlowPlanRef.current.length < MIN_USEFUL_QUESTIONS_TO_SHOW` (not just an empty-plan check)
PASS  …and the close is UNCONDITIONAL while the refine-chip fallback is gated on a probe-backed verdict
PASS  the guard reads the NAMED constant, not a magic `!ageFlowPlanRef.current.length` literal — one source of truth for the threshold, even though `< 1` and `!length` are numerically identical today
PASS  the resolved-scope gate still sits BEFORE presentGuided(0, token) — a <1 (i.e. empty) plan never reaches the asking phase
PASS  an UNRESOLVED scope bypasses that gate and opens on the hierarchy instead (the 2026-08-23 fix)
PASS  presentGuided body located (extraction must fail loudly, never silently pass)
PASS  the transition gate exists and is guarded by "every recorded step so far is a SCOPE step"
PASS  presentGuided references the threshold EXACTLY once (only that transition gate)
PASS  the transition gate counts ADVANCED questions only — it reads plan.length, never steps.length
PASS  at the transition the interview STOPS CLEANLY (finishGuided) and never bounces to startRefine
PASS  exit (a) survives: presentGuided still finishes when its own re-ranked plan is truly EMPTY — the empty-plan terminator is what gives a round "min(available, AF_ROUND_MAX_QUESTIONS)" for free
PASS  exit (b) is present and is the ONLY count threshold allowed beside it: the round cap `if (askedThisRound >= AF_ROUND_MAX_QUESTIONS) { finishGuided(token); return; }` (owner 2026-08-24; full rules in scripts/verify-af-round-size.ts)
PASS  no THIRD count threshold gates the continuation loop — plan.length is never compared against a numeric literal
PASS  Skip and Confirm are the SAME commit path — Skip is simply the empty answer
PASS  neither Skip nor Confirm applies a predicate directly — the query is rebuilt from the record
PASS  an empty answer contributes no predicate (enforced in the shared derivation, not per handler)

✓ AF 1+ useful-questions gate intact: correct threshold, correct wiring, continuation loop untouched, Skip = confirm-empty

verify-af-multiselect-combining-semantics: R7.2 — amenity chips AND, value domains OR,
  and one shared amenity vocabulary across the clause, the UI and the independent oracle.
  ✓ the af_eligibility_clause mirror exists and carries the amenities predicate
  ✓ the clause carries the fail-closed amenity vocabulary guard
  ✓ the vocabulary guard lists a plausible token set — 14 tokens: elevator,parking,kitchen,ac,maid_room,driver_room,private_entrance,car_entrance,sanitation,electricity,water_supply,furnished,rnpl,rent_now_pay_later
  ✓ every vocabulary token has a per-column conjunctive guard (multi-amenity = AND) — missing: none
  ✓ the amenity guards are joined by AND, never collapsed into a single or-list
  ✓ FORBIDDEN: a disjunctive amenity predicate (s.kitchen or s.parking …)
  ✓ p_directions is a membership test (multi-value = OR) — several compass answers must union, canonicalised on BOTH sides
  ✓ p_unit_subtypes is a membership test (multi-value = OR) — studio + serviced must union
  ✓ p_bath_exact is a membership test (multi-value = OR) — exact bathroom counts union
  ✓ p_types is a membership test (multi-value = OR) — R1.3.1 — Apartment + Villa is a row-level union, never an intersection
  ✓ the UI amenity question offers a plausible number of chips — 13: kitchen,parking,elevator,ac,private_entrance,maid_room,driver_room,car_entrance,sanitation,sanitation,electricity,water_supply,furnished
  ✓ every chip the UI can send is in the clause vocabulary (else the clause fails CLOSED and the user sees zero results) — not accepted by the clause: none
  ✓ the independent oracle understands 'elevator' and filters s.elevator — qs: production_ready=is.true&elevator=is.true
  ✓ the independent oracle understands 'parking' and filters s.parking — qs: production_ready=is.true&parking=is.true
  ✓ the independent oracle understands 'kitchen' and filters s.kitchen — qs: production_ready=is.true&kitchen=is.true
  ✓ the independent oracle understands 'ac' and filters s.air_conditioner — qs: production_ready=is.true&air_conditioner=is.true
  ✓ the independent oracle understands 'maid_room' and filters s.maid_room — qs: production_ready=is.true&maid_room=is.true
  ✓ the independent oracle understands 'driver_room' and filters s.driver_room — qs: production_ready=is.true&driver_room=is.true
  ✓ the independent oracle understands 'private_entrance' and filters s.private_entrance — qs: production_ready=is.true&private_entrance=is.true
  ✓ the independent oracle understands 'car_entrance' and filters s.car_entrance — qs: production_ready=is.true&car_entrance=is.true
  ✓ the independent oracle understands 'sanitation' and filters s.sanitation — qs: production_ready=is.true&sanitation=is.true
  ✓ the independent oracle understands 'electricity' and filters s.electricity — qs: production_ready=is.true&electricity=is.true
  ✓ the independent oracle understands 'water_supply' and filters s.water_supply — qs: production_ready=is.true&water_supply=is.true
  ✓ the independent oracle understands 'furnished' and filters s.furnished — qs: production_ready=is.true&furnished=is.true
  ✓ the independent oracle understands 'rnpl' and filters s.rent_now_pay_later — qs: production_ready=is.true&rent_now_pay_later=is.true
  ✓ the independent oracle understands 'rent_now_pay_later' and filters s.rent_now_pay_later — qs: production_ready=is.true&rent_now_pay_later=is.true
  ✓ the oracle refuses 'pool' (not in the clause vocabulary) instead of inventing a filter
  ✓ the oracle refuses 'gym' (not in the clause vocabulary) instead of inventing a filter
  ✓ the oracle refuses 'garden' (not in the clause vocabulary) instead of inventing a filter
  ✓ the oracle refuses 'balcony' (not in the clause vocabulary) instead of inventing a filter
  ✓ the oracle refuses 'not_a_real_amenity' (not in the clause vocabulary) instead of inventing a filter
  ✓ three amenity chips produce three separate conjunctive filters (AND), not one or-list — production_ready=is.true&kitchen=is.true&parking=is.true&air_conditioner=is.true
  ✓ two direction chips produce ONE membership filter (OR/union), not two conjunctive ones — production_ready=is.true&direction_ar=in.(%22%D8%B4%D9%85%D8%A7%D9%84%22,%22%D8%AC%D9%86%D9%88%D8%A8%22)
  ✓ R7.2.1: each amenity chip reads its OWN cnt_* column (a marginal count)
  ✓ R7.2.1: the footer/Continue count is cnt_selected recomputed for the tentative selection (the COMBINED count)

✅ verify-af-multiselect-combining-semantics: all checks passed.

AF narrowing gate — Villa/1,874-repro numbers (N=1874)

PASS  a single-select question with only a SMALL real narrowing option (3.2% of N) is now OFFERED
PASS  a near-no-op option (97.1% of N, removes 2.9%) is EXCLUDED, so this question is not asked
PASS  the same multi-select IS asked when one of its chips really narrows (900 of 1,874)
PASS  owner example: bathrooms 100/98/60/20 at N=100 survives with EXACTLY the 60 and 20 rungs
PASS  owner example: a gym every listing has (100 of 100) kills its question outright
PASS  a question where every option ties at N (a genuine no-op) is still EXCLUDED
PASS  single-select accepts a single real narrowing option too — a lone meaningful choice is a valid yes/no (owner 2026-08-26)
PASS  multi-select still accepts a single real narrowing chip (a yes/no is a valid choice)
PASS  below MIN_TOTAL_TO_SHOW (26), no question is ever offered, split or not
PASS  a balanced split scores higher than a lopsided one (ask-order still rewards information gain)
PASS  …but the lopsided one is still INCLUDED, not dropped — selectivity never decides inclusion
PASS  the predicate's 14-case boundary table holds (10% inclusive · k=N rejected · ≤25 escape · small slices ask)
PASS  no option that removes ≥10% is EVER rejected — the gate is one-sided, small slices always ask
PASS  the shipped float form matches EXACT integer arithmetic at every count (no 0.9×N rounding hazard)
PASS  the ≤25 escape survives: a 3.8%-cut option that LANDS at the target still asks

✓ narrowing gate holds — selectivity orders, never hides, a real question

Advanced Filter — no semantic duplicate may ever render twice at once (owner audit 2026-08-27)

PASS  the second 'sanitation' push is guarded by a .some() check — the two branches can no longer both add the same key even if a future COHORT_CHIPS edit makes them both fire
PASS  MUTATION PROOF — without the guard, forcing both branches produces TWO sanitation entries (proves this scenario is real, not hypothetical)
PASS  WITH the guard, forcing both branches produces exactly ONE sanitation entry
PASS  the guard never blocks the NORMAL single-branch case — sanitation still appears once when only the chip branch fires
PASS  scopeCandidates() no longer has a raw, unguarded .flatMap() branch — both branches route through the Set-deduped groupsMembers()
PASS  Residential: group-skipped TYPE candidates contain zero duplicates against the REAL live HIERARCHY (types: 13)
PASS  Commercial: group-skipped TYPE candidates contain zero duplicates against the REAL live HIERARCHY (types: 13)
PASS  MUTATION PROOF — the OLD unguarded .flatMap() pattern DOES produce a duplicate against a corrupted (shared-type) hierarchy, proving the scenario this fix guards against is real
PASS  the fix's actual mechanism (Set-wrapped, matching groupsMembers()) removes that exact duplicate
PASS  Residential: today's real HIERARCHY has no type shared across two groups of the same macro
PASS  Commercial: today's real HIERARCHY has no type shared across two groups of the same macro
PASS  dedupeFacetsByLabel() is exported from afSteps.ts, the ONE shared helper for both merge points
PASS  deriveGuided()'s labels array is DERIVED from the deduped facets (flatMap), never built alongside them — the flat summary sentence can never carry a stray duplicate the pill list itself doesn't have
PASS  agent.tsx's cross-round combine (carry + this round's facets) calls dedupeFacetsByLabel — not a raw spread
PASS  a chat restored from a saved transcript (openSaved) is ALSO deduped — a chat saved before this fix shipped cannot resurrect a baked-in duplicate pill
PASS  two facets with DIFFERENT ids but the SAME resolved label collapse to ONE — the exact "different data path/ID" case named in the report
PASS  a genuinely different concept (Pool) is never touched by the dedup
PASS  the LAST occurrence of a duplicate survives (a later/newer answer for the same concept wins)
PASS  facets with genuinely different labels are all kept — dedup never removes legitimate different options
PASS  an empty facets array stays empty
PASS  deriveGuided: within one round, two steps resolving to the SAME label collapse to ONE facet
PASS  deriveGuided: the flat labels array matches the deduped facet count exactly (no stray duplicate in the summary text either)
PASS  deriveGuided: askedIds still records BOTH question ids (asked-tracking is unaffected by label dedup — only the VISIBLE result is deduped)
PASS  AdvancedQuestionCard computes a dedupedOptions list (by resolved label) BEFORE rendering — the one component every question, current and future, funnels through
PASS  the render loop maps over dedupedOptions, not the raw options prop
PASS  EXECUTED: Gym (key=gym_a) + Pool + Gym (key=gym_b, DIFFERENT key) → collapses to [Gym, Pool], first occurrence kept
PASS  genuinely different options (Gym, Pool, North) are ALL kept — dedup never removes legitimate different options
PASS  MUTATION PROOF — without the dedup (raw pass-through), the same input keeps BOTH Gym entries
PASS  buildAfSummary dedupes the fully-rendered item list with a Set before joining into the sentence
PASS  dedupeFacetsByLabel alone does NOT collapse these (different bundles — "Gym، Pool" ≠ "Gym") — proving buildAfSummary's own dedup is load-bearing, not redundant
PASS  buildAfSummary's final sentence contains "Gym" exactly ONCE despite two facets each naming it (got: "Gym، وPool")
PASS  the sentence still contains "Pool" — a genuinely distinct item is never dropped
PASS  this barrier is wired into `npm test`

AF no-duplicate-rendering barrier: all checks passed
✓ AF offer/round agreement pinned: truth table, diagnosis split, softener guard, live check wired.

AF offer/ask gates — one shared predicate; a round is offered only when it can pay for itself

PASS  MEANINGFUL_NARROWING_FRACTION is the owner's 10% (got 0.1)
PASS  INTERVIEW_STOP_AT is still 25 (got 25) — the owner chose 25 over 30
PASS  N=50, best option yields 45 (exactly 10% removed) ⇒ OFFERED
PASS  N=50, best option yields 47 (6% removed) ⇒ HIDDEN — a round that moves 50→47 is not worth a tap
PASS  N=27, best option yields 24 ⇒ OFFERED
PASS  N=26, best option yields 25 (only 3.8% removed, but it lands AT the ≤25 target) ⇒ OFFERED
PASS  at exactly INTERVIEW_STOP_AT results nothing is ever offered, however good the option
PASS  below the target either — the button is gone, only «عرض المزيد» remains
PASS  a no-op option (count === total, 100% of the set already has it) never earns an offer
PASS  no options at all ⇒ HIDDEN (a failed/empty probe must never leave a live button behind)
PASS  a sub-10% question does NOT earn an offer…
PASS  …and scoreQuestion no longer asks it either — both gates read the SAME predicate
PASS  the 2026-08-22 repro still holds: a 3.2%-share option is still ASKED (N=1,874, option=60)
PASS  …and it earns an OFFER too — offer and ask agree on it
PASS  above the target the OFFER gate and the ASK predicate agree on EVERY option
PASS  scoreQuestion() gates inclusion on the SHARED predicate and nothing else
PASS  offersMeaningfulNarrowing() calls that same predicate rather than its own copy
PASS  neither gate body re-implements the fraction (no MEANINGFUL_NARROWING_FRACTION, no 0.x·N)
PASS  the fraction is multiplied in exactly ONE place in the module — the predicate itself
PASS  the predicate keeps its ≤INTERVIEW_STOP_AT escape clause (the last step to the target)
PASS  offersMeaningfulNarrowing is called in exactly ONE place outside the imports (the offer probe)
PASS  the probe feeds it rankQuestions' OWN surviving options, so offer and round cannot disagree
PASS  the «تحديد أكثر» button requires BOTH >INTERVIEW_STOP_AT and the probe verdict `=== true`
PASS  the offer probe exists and only records a verdict (setAfCanNarrow)
PASS  the offer probe NEVER opens the interview — no startAgeFlow/setAgeFlow inside it
PASS  the probe no longer SHORT-CIRCUITS on a tier merely existing — that shape is banned
PASS  …it RESOLVES each tier instead, against a scope it carries forward itself
PASS  a tier with a REAL choice (more than one option) is what earns the offer
PASS  a ≤1-option tier is AUTO-COMMITTED onto the local scope and the walk continues, exactly as presentGuided does
PASS  UNKNOWN still never hardens into NO: an UNMEASURABLE tier keeps offering, only a MEASURED one may hide
PASS  the advanced-pool rank runs against the RESOLVED scope and the walked asked-set
PASS  still ONE probe per turn — the (msgId, asked) key guard is intact and nothing polls
PASS  presentGuided re-ranks when the carried plan is EMPTY, not only when stepIndex > 0

✓ one predicate, two gates: 10% (or landing at ≤25) both offers a round and admits a question; small slices always ask; ≤25 stays 25; the next round is a tap


AF independent-oracle translator — hermetic logic proof

PASS  production_ready is always asserted
PASS  deal maps to deal_ar=eq
PASS  tables map to source_table=in
PASS  types map to type_ar=in
PASS  region maps to region_id=in
PASS  a clean request has nothing unhandled
PASS  scope B present ⇒ a combined or=() union, NOT flat source_table/type_ar filters
PASS  scope A alone (no p_tables2/types2) still uses the flat filters, not or=()
PASS  EMPTY p_tables2/p_types2 arrays are treated as absent, not as an empty union
PASS  annual period = literal-annual OR (monthly-labeled AND RNPL)
PASS  monthly period = payment_monthly AND NOT rnpl (excludes the annual RNPL branch)
PASS  "both" (كلاهما) is honestly UNHANDLED, never guessed at
PASS  bath_min → bathrooms gte (excludes NULL by construction)
PASS  furnished tri-state → furnished is.<bool>, true and false both reachable
PASS  age range → property_age gte + lte, both bounds independently
PASS  street width → street_width_m gte/lte
PASS  directions → direction_ar in
PASS  rating/reviews → rating gte / reviews_count gte
PASS  unit subtypes → unit_subtype_ar in
PASS  a plain amenity token maps to <token>=is.true
PASS  rnpl is the ONE special-cased amenity token → rent_now_pay_later, not a literal "rnpl" column
PASS  multiple amenities AND together (every one must hold)
PASS  an unmapped amenity token is UNHANDLED, never silently dropped
PASS  an unverified param (e.g. price) with a REAL value is UNHANDLED
PASS  the SAME unverified param, absent (null), does not falsely trip unhandled
PASS  an entirely unknown future param name is UNHANDLED (default case), not ignored
PASS  paging/sorting params never appear in the WHERE clause and never trip unhandled
PASS  p_category without a macro map is UNHANDLED, never silently dropped
PASS  p_category WITH a macro map is fully handled
PASS  scope A keeps a `both`-macro type (its tables match the category)
PASS  scope B DROPS a `both`-macro type (its tables do not match the category)
PASS  a Commercial-only type is dropped from a Residential scope entirely

  mutation proof — each guard must FAIL on its own defect

  PASS  catches: wrong operator direction on a strict answer (lte instead of gte would silently invert bath_min)
  PASS  catches: a tri-state boolean collapsing true/false to the same filter
  PASS  catches: scope B silently ignored would make a Residential+commercial-mirrored type undercount
  PASS  catches: an unmapped amenity being treated as a boolean column of the same name (fabricated column)
  PASS  catches: "both" period silently resolving to "no filter" (would over-match anything)
  PASS  catches: rnpl amenity resolving to a nonexistent "rnpl" column instead of rent_now_pay_later

✓ the independent-oracle translator is logically sound

verify-af-oracle-soundness: the independent oracle pages deterministically and applies
  category purity — the two ways it was quietly unsound on 2026-08-28.
  ✓ the live check still pages the oracle with Range (the pattern this guards) — 2 Range-paged request(s)
  ✓ Range query is deterministic: /rest/v1/search_listings_ar?select=listing_id&${qs}… — count-only probe (Range 0-0), never paged — no order needed
  ✓ Range query is deterministic: /rest/v1/search_listings_ar?select=listing_id,source_ta… — pages with an explicit order
  ✓ the order is a TOTAL order — (source_table, listing_id) is unique, a single column is not
  ✓ p_category with no macro map is UNHANDLED (fails loud, never silently ignored) — ["p_category=Residential (no typeMacros supplied — category purity cannot be applied)"]
  ✓ p_category WITH a macro map is fully handled
  ✓ scope A (the category's own tables) KEEPS a `both`-macro type — and(source_table.in.(aqar_residential_listings),type_ar.in.("فيلا","عمارة")) | and(source_table.in.(aqar_commercial_listings),type_ar.in.("فيلا"))
  ✓ scope B (the other category's tables) DROPS a `both`-macro type — the 708-vs-707 row — and(source_table.in.(aqar_residential_listings),type_ar.in.("فيلا","عمارة")) | and(source_table.in.(aqar_commercial_listings),type_ar.in.("فيلا"))
  ✓ a wrong-category type never enters a scope at all
  ✓ the live check reads known_type_ar — the same reference table the RPC joins
  ✓ …and passes it to BOTH oracle entry points (count and ids) — 2 call site(s)
  ✓ an unreadable reference table stops the run instead of degrading to "no purity"

✅ verify-af-oracle-soundness: all checks passed.

Advanced Filter — the primary button advances, so it must not promise results

PASS  the primary rides onConfirm(sel)
PASS  onConfirm advances: onAgeConfirm commits WITHOUT the finish flag
PASS  the interview genuinely continues after a confirm (presentGuided on the next step)
PASS  the primary label never promises results («Show …»)
PASS  the primary label is the advance label, with the live count
PASS  the primary label does not branch on arity (single and multi advance identically)
PASS  «عرض النتائج» is the terminal control: af-skip-all, labelled Show results
PASS  onSkipAll finishes the interview (commitGuidedStep with finish = true)
PASS  the primary label has its Arabic translations
PASS  (mutation) catches the arity-branched «عرض N نتيجة» label coming back
PASS  (mutation) catches a bare «عرض النتائج» on the primary
PASS  (mutation) catches the premise silently flipping to a terminal primary
PASS  (mutation) catches the escape link losing its terminal commit
PASS  (mutation) catches the escape link losing its «عرض النتائج» wording
PASS  (mutation) catches the block extractor going blind (a missing testID reads as an empty block)

✓ the AF primary advances one question and says so; «عرض النتائج» remains the one terminal control

PASS  a useful question ⇒ "useful"
PASS  useful survives even if OTHER probes failed
PASS  nothing useful, all probes ANSWERED ⇒ "known-empty"
PASS  nothing useful, a probe FAILED ⇒ "unknown"
PASS  known-empty and unknown are NOT the same verdict
PASS  AF opens ONLY on real surviving usefulness
PASS  an EMPTY AF card is never opened on unknown
PASS  "nothing left to narrow" may be asserted ONLY when the sources answered
PASS  THE RULE: unknown must never be treated as no
PASS  an undetermined batch is retried exactly once
PASS  a DECIDED verdict is never re-probed (that would be pure latency)
PASS  the retry cannot loop
PASS  PROBE_FAILED is recognised
PASS  …and null (source answered: nothing) is NOT mistaken for a probe failure
PASS  …and undefined is NOT mistaken for a probe failure
PASS  …and a real counts row is NOT mistaken for a probe failure
PASS  …and an empty object is NOT mistaken for a probe failure
PASS  …and zero is NOT mistaken for a probe failure
PASS  …and a string is NOT mistaken for a probe failure
PASS  WIRING a timed-out probe returns the sentinel, not null
PASS  WIRING …and no AF count fetcher still collapses a timeout to null
PASS  WIRING a transport error is also "never learned", not "nothing"
PASS  WIRING an EMPTY RESULT SET still means the source answered nothing (null)
PASS  WIRING guidedOptions marks a failed probe instead of reporting an empty scope
PASS  WIRING …and a failed probe claims no unknown count either (null, never a fabricated 0)
PASS  WIRING the age question guards its own probe too
PASS  WIRING rankQuestions records whether any probe in the batch failed
PASS  WIRING …and carries it to its callers
PASS  WIRING the OPENING decision consults the verdict
PASS  WIRING …and retries once before believing an undetermined batch
PASS  WIRING the MID-INTERVIEW re-rank obeys the same rule (not just the open)
PASS  WIRING …and an undetermined mid-interview batch changes nothing on screen
PASS  WIRING startRefine is no longer reachable from an UNDETERMINED plan

── mutation proofs ──
PASS  MUT-1 collapsing unknown into known-empty is DETECTED
PASS  MUT-2 a permissive mayAssertNothingToNarrow is DETECTED
PASS  MUT-3 opening AF on an undetermined batch is DETECTED
PASS  MUT-4 an unbounded retry is DETECTED
PASS  MUT-5 a sentinel test that matches ANY object is DETECTED
PASS  CONTROL the shipped rule still behaves correctly

UNKNOWN is never treated as NO

Advanced Filter — «رجوع» at a ROUND boundary (cancel vs. step back)

PASS  cancelling a round rebuilds to the round's base ITSELF — not a copy, not a re-normalisation
PASS  Back on question 1 discards the visible selection instead of committing it
PASS  cancelling round 2 keeps round 1's answers (the base is THIS round's start, never the origin)
PASS  each round starts a FRESH record — an older round's steps would be applied a second time
PASS  the deepest Back in a round lands at cursor 0, which holds no earlier round to walk into
PASS  the carried asked-set (answered AND skipped) outlives a cancelled round
PASS  Back on question 1 drops THIS round's record and re-derives at cursor 0
PASS  cancelling runs NO search and files NO answer — the query the user returns to is untouched
PASS  cancelling never advances the interview (the walk-back is unreachable from question 1)
PASS  Back — at ANY step — writes no receipt, no pills and no probe verdict
PASS  the completed-round receipt is written ONLY by finishGuided (plus the transcript restore replaying it)
PASS  the receipt renders as the ELSE of the actions row, gated on the receipt map alone
PASS  the receipt has nothing to tap — no Pressable, no onPress
PASS  startAgeFlow empties the record, so a round can only ever hold its own questions
PASS  the carry seeds the asked-set/facets/origin — never the step record itself
PASS  the round's rebuild base is the query the round opened on, never the carried pre-AF origin
PASS  every startAgeFlow entry re-seeds the carry immediately before it (no stale carry is readable)

  mutation proof — each guard must FAIL on its own defect

  PASS  catches: cancel implemented as "commit what is selected, then exit" (the «عرض النتائج» shape)
  PASS  catches: cancel rewinding to the pre-AF origin instead of the round's base
  PASS  catches: cancel re-deriving at the record's END instead of cursor 0
  PASS  catches: a new round seeded with the previous round's steps (Back walks into it, amenities double)
  PASS  catches: the asked-set re-derived from the emptied record alone (every earlier question comes back)
  PASS  catches: the cancel branch no longer dropping the round record
  PASS  catches: the cancel branch no longer re-deriving (a stale ageFlowQueryRef would survive the cancel)
  PASS  catches: cancel starting to run a search (a new turn where the user asked for none)
  PASS  catches: cancel falling through into the walk-back (presentGuided from question 1)
  PASS  catches: a search hidden inside a nested block in the cancel branch
  PASS  catches: Back stamping a receipt on the turn it is cancelling (buttons never return)
  PASS  catches: Back clearing the offer probe (the button would stay hidden after a cancel)
  PASS  catches: a SECOND receipt writer appearing outside finishGuided
  PASS  catches: the receipt gate switching off the receipt map (a cancelled turn would keep losing its buttons)
  PASS  catches: the receipt View becoming a Pressable (identity-anchored, so the swap does not empty the slice)
  PASS  catches: the choices line being made tappable inside the receipt
  PASS  catches: the receipt losing its identity (slice empty ⇒ the check FAILS, never silently passes)
  PASS  catches: startAgeFlow no longer emptying the record between rounds
  PASS  catches: the carry being poured into the step record (Back could walk into a finished round)
  PASS  catches: the round re-anchoring its rebuild base to the carried origin (earlier rounds silently dropped)
  PASS  catches: a startAgeFlow entry added without seeding the carry (stale asked-set on an unrelated search)

✓ Back on question 1 cancels the round intact; Back inside a round never crosses into an older one


Advanced Filter round size — min(available, AF_ROUND_MAX_QUESTIONS), advanced questions only

PASS  AF_ROUND_MAX_QUESTIONS is exported from src/lib/afRanking.ts and is exactly 4 (owner 2026-08-24: adaptive 2-4, cap 4)
PASS  MIN_USEFUL_QUESTIONS_TO_SHOW is still declared in src/data/advancedFilters.ts and still exactly 1 (owner PR #1045 — the OPEN gate, untouched by rounds)
PASS  the round size is a DIFFERENT constant with a DIFFERENT value — MIN_USEFUL_QUESTIONS_TO_SHOW was not reused as the round cap
PASS  scoreQuestion body located (extraction must fail loudly, never silently pass)
PASS  scoreQuestion never sees the round cap — WHICH questions is the narrowing gate's call alone
PASS  rankQuestions body located (extraction must fail loudly, never silently pass)
PASS  rankQuestions never truncates the pool to the round cap — the plan stays the FULL useful pool, so the next round resumes from a real ranking
PASS  src/data/advancedFilters.ts re-exports AF_ROUND_MAX_QUESTIONS verbatim (agent.tsx's single AF import line must resolve it)
PASS  agent.tsx imports AF_ROUND_MAX_QUESTIONS from @/data/advancedFilters
PASS  presentGuided body located (extraction must fail loudly, never silently pass)
PASS  the round counts ADVANCED steps out of the step RECORD (`const askedThisRound = steps.filter(...).length`)
PASS  SCOPE steps (property_group / property_type) do NOT count toward the round size
PASS  only ANSWERED steps count — `st.keys != null` excludes the step currently on screen (keys: null), so a 4-question round asks 4, not 3
PASS  the cap fires at `askedThisRound >= AF_ROUND_MAX_QUESTIONS` — the NAMED constant, `>=` not `>`
PASS  no magic number: agent.tsx never compares askedThisRound to a literal
PASS  the round cap has exactly ONE guard in presentGuided (one source of truth, one exit)
PASS  any non-guard use of the cap is the progress denominator, bounded by what THIS round may ask
PASS  a capped round ends through finishGuided(token) and returns — never startRefine, never a fresh setAgeFlow
PASS  the cap sits AFTER the replay branch — «رجوع» into a full round re-shows the recorded step instead of terminating the round
PASS  the cap sits AFTER the scope-hierarchy branch — a scope question is never blocked by a spent advanced budget
PASS  the cap sits BEFORE the contextual re-rank — a capped round spends no RPC re-ranking a pool it will not ask from
PASS  the cap sits BEFORE the question is presented — a capped round never renders a 5th card

✓ AF round size intact: ≤4 ADVANCED questions per round, scope steps free, count-cap not quality-filter, one placement, clean finish

PASS  category-only → asks GROUP then TYPE
PASS  category-only → next tier is GROUP
PASS  category-only asks a scope question BEFORE any advanced question is even eligible
PASS  group-only → asks TYPE only
PASS  group-only → next tier is TYPE
PASS  type selected → NO scope questions
PASS  type selected → next tier is null
PASS  bare agent-path scalar `type` also resolves both tiers
PASS  a group can never offer MORE than its weakest member (intersection, by definition)
PASS  «Villas & Houses» group-only is BELOW the useful floor — the defect, still reproducible
PASS  …while resolving it to «Villa» clears that floor — the fix
PASS  resolving to a certified member STRICTLY increases what can be asked
PASS  «Apartments & Co-living» group offering never exceeds any single member's
PASS  «Villas & Houses» group offering never exceeds any single member's
PASS  «Vacation & Rural» group offering never exceeds any single member's
PASS  «Residential Plots» group offering never exceeds any single member's
PASS  «Retail & Workspace» group offering never exceeds any single member's
PASS  «Industrial & Logistics» group offering never exceeds any single member's
PASS  «Commercial Buildings & Facilities» group offering never exceeds any single member's
PASS  «Commercial & Industrial Plots» group offering never exceeds any single member's
PASS  «Apartments & Co-living» is reachable via a type pick (best member = 5 questions)
PASS  «Villas & Houses» is reachable via a type pick (best member = 7 questions)
PASS  «Vacation & Rural» is reachable via a type pick (best member = 3 questions)
PASS  «Residential Plots» is reachable via a type pick (best member = 2 questions)
PASS  «Retail & Workspace» is reachable via a type pick (best member = 4 questions)
PASS  «Industrial & Logistics» is reachable via a type pick (best member = 3 questions)
PASS  «Commercial Buildings & Facilities» is reachable via a type pick (best member = 4 questions)
PASS  skipping GROUP returns the query BYTE-IDENTICALLY (zero predicate, zero count delta)
PASS  skipping GROUP never selects an option
PASS  skipping GROUP is never a "no"/false — no boolean is written
PASS  skipping TYPE returns the query BYTE-IDENTICALLY (zero predicate, zero count delta)
PASS  skipping TYPE never selects an option
PASS  skipping TYPE is never a "no"/false — no boolean is written
PASS  skipping GROUP moves the walk on to TYPE (never re-asks GROUP)
PASS  skipping BOTH tiers ends the scope walk cleanly
PASS  after skipping GROUP, TYPE candidates span every type in the category
PASS  Residential group options == HIERARCHY.Residential
PASS  Residential group options leak NO Commercial group
PASS  Commercial group options == HIERARCHY.Commercial
PASS  Commercial group options leak NO Residential group
PASS  Villa can never be offered under تجاري
PASS  «Villas & Houses» → exactly its member types
PASS  …and leaks no Apartment/Office/Factory
PASS  two groups → the UNION of their member types (OR, never AND)
PASS  two groups do not leak a type from an unselected group
PASS  multi-type answers are stored as an OR list, all of them kept
PASS  Villa+Duplex offers only what BOTH certify — never Villa's union
PASS  Apartment+Room offers only what BOTH certify (a strict subset of Apartment alone)
PASS  …and every offered question is certified for Room too (no silent amputation)
PASS  answering TYPE=Villa applies exactly that predicate
PASS  CHANGING that answer to Duplex leaves NO trace of Villa (rebuild, not inverse)
PASS  walking the cursor BACK over the answer un-applies it entirely
PASS  a SKIPPED scope step contributes no predicate on replay
PASS  a skipped scope step still counts as ASKED (never re-offered)
PASS  changing the GROUP drops the now-orphaned type
PASS  …and commits the new group
PASS  a type still inside a REMAINING group survives the regroup
PASS  no Residential group survives as a Commercial group option
PASS  a Villa scope offers ZERO questions once the category is Commercial
PASS  a TYPE pick after a SKIPPED group backfills the owning group
PASS  groupOf() is the exact reverse of groupMembers()
PASS  groupsOf() dedupes types sharing one group
PASS  every clean type in a shipped group resolves back to that same group
PASS  exactly two scope tiers ship, in this order
PASS  isScopeQuestionId recognises both and nothing else
PASS  MUTATION: a .some()/union gate would offer «bathrooms» to Villa+Duplex — and is caught here
PASS  the auto-resolved scope step ADVANCES the cursor (never re-enters on the same index)
PASS  a single-option tier is recorded as ANSWERED with that key, not as a skip

All scope-hierarchy assertions passed

Senior AF routine reads the Product Contract (owner 2026-08-26)

PASS  the canonical AF Product Contract exists at docs/ADVANCED_FILTER_PRODUCT_CONTRACT.md
PASS  contract identifies itself as PERMANENT/CANONICAL in its title
PASS  contract carries the core philosophy sentence (§0)
PASS  contract is non-trivial (≥ 200 lines to be a real spec, not a stub)
PASS  routine spec has a §0.1 READ FIRST section
PASS  §0.1 names ADVANCED_FILTER_PRODUCT_CONTRACT.md explicitly as CANONICAL
PASS  §0.1 forbids reconstructing rules from old chats/PRs/memory
PASS  §0.1 states the Product Contract wins on any behavior disagreement
PASS  §0.1 spells out the contract-vs-production protocol (two outcomes: regression vs owner decision)
PASS  §0.1 requires contract updates land in the SAME PR as the code change, when owner-authorized
PASS  mandate names all 12 steps of the routine in order
PASS  PART 6 requires each run to spot-audit Product Contract rules end to end
PASS  the audit covers barrier existence AND live behavior AND DB oracle (each side)
PASS  FINAL REPORT starts with `CONTRACT READ: YES` including the file path and blob sha
PASS  FINAL REPORT lists spot-audited rule numbers this run
PASS  FINAL REPORT declares contract/production conflicts and owner-decision requests separately
PASS  FINAL REPORT carries BOTH an AF System Rating and an Engineer Performance Rating (as owner requested)
PASS  PART 1 (AF) still exists
PASS  PART 6 (BARRIERS) still exists
PASS  PART 7 (FIX, DON'T JUST REPORT) still exists
PASS  routine still links to AGENTS.md / AGENT_AUTHORITY for the authority grant
PASS  companion doc exists: docs/ADVANCED_FILTER_DESIGN_CONTRACT.md (50216 bytes)
PASS  companion doc exists: docs/ADVANCED_FILTER_PATTERN.md (10024 bytes)
PASS  companion doc exists: docs/ops/ADVANCED_FILTER_SOURCE_TRUTH.md (6244 bytes)
PASS  companion doc exists: docs/AF_COHORT_LEDGER.md (28467 bytes)

✓ Senior AF routine pins the Product Contract as canonical, mandatory-read source of truth

Advanced Filter takes over the CTA space

PASS  the pre-AF CTA row is hidden while the AF flow is open
PASS  the gate wraps BOTH buttons (Load more + the AF launcher)
PASS  ageFlow still models the 'loading' phase (the gate covers it)
PASS  ageFlow still models the 'intro' phase (the gate covers it)
PASS  ageFlow still models the 'asking' phase (the gate covers it)
PASS  ageFlow still models the 'mining' phase (the gate covers it)
PASS  closing the flow restores the CTA by setting ageFlow back to null
PASS  Skip still advances without applying a restriction, and stays recorded as open
PASS  the AF card still receives its live count callback
PASS  answering still hands off to the same refine path
PASS  the AF overlay is still the absolute layer over the results

✓ AF takes over cleanly: CTA hidden for the whole flow, restored on close, logic untouched


AF two-option survival — single-select 940/60 of 1000 (the furnished shape)

PASS  fixture is honest: both options clear MIN_REAL_OPTION_COUNT (5), so only the narrowing gate is in play
PASS  MIN_REAL_OPTION_COUNT is still 5 — the owner-frozen absolute per-option floor
PASS  fixture is DECISIVE: the survivor (60) is above INTERVIEW_STOP_AT (25), so §2 tests the 10% FRACTION, not the escape clause
PASS  a two-option SINGLE-SELECT whose lopsided option is filtered out IS ASKED, carrying only the survivor (owner 2026-08-26)
PASS  the lopsided option (940/1000, a 6% cut) is STILL the one the gate rejects
PASS  the small slice (60/1000, a 94% cut) SURVIVES the gate — one-sidedness is permanent
PASS  exactly ONE option survives, and it is the 60 — so §1 is the arity floor at 1, nothing else
PASS  small-slice protection is permanent: 8 of 100 (a 92% cut) qualifies, and alone makes the question ASKABLE
PASS  a single-select where the ONLY option is lopsided (940 of 1,000, a 6% cut) is still NOT asked
PASS  a single-select where EVERY option is lopsided (940 and 980 of 1,000) is still NOT asked
PASS  the owner's gym: a no-op option (1,000 of 1,000, a 0% cut) is still NOT asked, at either arity
PASS  the IDENTICAL option set as MULTI-select is asked, exactly as before (MIN_OPTIONS_MULTI = 1)
PASS  single and multi now agree on this shape — minOptionsFor() is uniform (the point of the reversal)
PASS  a third genuinely narrowing option is carried alongside the survivor — nothing is blacklisted, nothing is capped
PASS  a two-option single-select where BOTH options narrow (900 = exactly the 10% line, and 100) is ASKED with BOTH
PASS  a single-select is asked IFF at least ONE option clears the narrowing gate — no size-dependent exception anywhere
PASS  the swept space actually CONTAINS the newly-askable class (this check can bite)

      OWNER REVERSAL, measured on the same sweep: 4640 two-option shape(s) that died on the
      old arity floor of 2 are asked now. First: N=51, survivor 5 (90% cut), partner 46 filtered out
      Smallest: N=51, survivor 5. Every one of them had a survivor that cleared optionNarrowsMeaningfully.

✓ two-option survival holds — reading (b) pinned, and pinned for the RIGHT reason
verify-af-unknown-count-truthful: the "did not mention" caption is shown only where the
  number is real, and is absent — never zero — everywhere else.
  ✓ AdvancedQuestionResult.unknownCount is nullable (a question may say "no honest number")
  ✓ the card prop is nullable too
  ✓ GuidedStep carries the nullable through the orchestrator
  ✓ no question hardcodes `unknownCount: 0` (the fabricated-zero regression)
  ✓ no orchestrator step hardcodes `unknownCount: 0` either
  ✓ the card no longer discards the count (`_unknownCount` is gone)
  ✓ the caption renders ONLY for a non-null, positive count
  ✓ the caption is a real testable element (af-unknown-count)
  ✓ the caption text is translated, not a hardcoded English string
  ✓ the caption has an Arabic translation (no English leak into an Arabic UI)
  ✓ FURNISHED derives unknown from the tri-state partition (total − true − false)
  ✓ DIRECTION derives unknown as total − Σ(the offered direction chips), not a re-typed list
  ✓ PROPERTY AGE uses its real cnt_unknown column
  ✓ a derived count can never render negative (clamped at 0)
  ✓ DIRECTION offers exactly the 8 normalised buckets its subtraction assumes — 8 chips
  ✓ AMENITIES_QUESTION reports NO unknown count — each chip is its own column — no single unknown exists — guidedOptions arg counts: 2, 2
  ✓ BATHROOMS_QUESTION reports NO unknown count — threshold ladder — NULL and below-threshold are not separable — guidedOptions arg counts: 2
  ✓ STREET_WIDTH_QUESTION reports NO unknown count — threshold ladder — guidedOptions arg counts: 2
  ✓ RATING_QUESTION reports NO unknown count — threshold ladder — guidedOptions arg counts: 2
  ✓ UNIT_SUBTYPE_QUESTION reports NO unknown count — value domain is a data fact, not an invariant — guidedOptions arg counts: 2
  ✓ RNPL_QUESTION reports NO unknown count — false and null inseparable from cnt_rnpl — guidedOptions arg counts: 2
  ✓ FURNISHED_QUESTION DOES supply its truthful unknown resolver — arg counts: 3
  ✓ DIRECTION_QUESTION DOES supply its truthful unknown resolver — arg counts: 3
  ✓ guidedOptions carries the owner rule in prose at the point of temptation

✅ verify-af-unknown-count-truthful: all checks passed.
PASS  Apartment: is a real clean type (present in CLEAN_MACRO)
PASS  Apartment: declared macro 'Residential' matches CLEAN_MACRO's derived 'Residential'
PASS  Apartment: resolves to a non-empty p_types array via CLEAN_TO_TYPE_AR
PASS  Residential Building: is a real clean type (present in CLEAN_MACRO)
PASS  Residential Building: declared macro 'Residential' matches CLEAN_MACRO's derived 'Residential'
PASS  Residential Building: resolves to a non-empty p_types array via CLEAN_TO_TYPE_AR
PASS  Room: is a real clean type (present in CLEAN_MACRO)
PASS  Room: declared macro 'Residential' matches CLEAN_MACRO's derived 'Residential'
PASS  Room: resolves to a non-empty p_types array via CLEAN_TO_TYPE_AR
PASS  Floor: is a real clean type (present in CLEAN_MACRO)
PASS  Floor: declared macro 'Residential' matches CLEAN_MACRO's derived 'Residential'
PASS  Floor: resolves to a non-empty p_types array via CLEAN_TO_TYPE_AR
PASS  Villa: is a real clean type (present in CLEAN_MACRO)
PASS  Villa: declared macro 'Residential' matches CLEAN_MACRO's derived 'Residential'
PASS  Villa: resolves to a non-empty p_types array via CLEAN_TO_TYPE_AR
PASS  Office: is a real clean type (present in CLEAN_MACRO)
PASS  Office: declared macro 'Commercial' matches CLEAN_MACRO's derived 'Commercial'
PASS  Office: resolves to a non-empty p_types array via CLEAN_TO_TYPE_AR
PASS  Warehouse: is a real clean type (present in CLEAN_MACRO)
PASS  Warehouse: declared macro 'Commercial' matches CLEAN_MACRO's derived 'Commercial'
PASS  Warehouse: resolves to a non-empty p_types array via CLEAN_TO_TYPE_AR
PASS  Apartment fires under Residential
PASS  Villa fires under Residential
PASS  Office fires under Commercial
PASS  Warehouse fires under Commercial
PASS  Villa does NOT fire under Commercial
PASS  Office does NOT fire under Residential
PASS  Warehouse does NOT fire under Residential (it is kinds:BOTH — the macro tag is the only thing stopping it)
PASS  Land (not enabled) never fires
PASS  Farm (not enabled) never fires
PASS  Agriculture Plot (not enabled) never fires
PASS  Chalet (not enabled) never fires
PASS  Studio (not enabled) never fires
PASS  Duplex (not enabled) never fires
PASS  Shop (not enabled) never fires
PASS  a MULTI-type scope never fires
PASS  an EMPTY type scope never fires
PASS  a missing category never fires
PASS  a null category never fires
PASS  an unknown type never fires
PASS  Apartment does NOT fire on a Monthly-only Rent scope
PASS  Apartment does NOT fire on a combined (both) Rent scope
PASS  Apartment STILL fires on a plain Annual Rent scope
PASS  Apartment STILL fires on Rent with no rentPeriod set (defaults to annual)
PASS  Apartment STILL fires on Buy regardless of rentPeriod (irrelevant field)

✓ all age-filter-gate assertions passed
agent-authority-contract: the autonomy grant must keep its limits
  ✓ AGENTS.md links the authority contract (so it overrides routine prompts)
  ✓ RED preserved: business/product decisions
  ✓ RED preserved: taxonomy changes
  ✓ RED preserved: Region → City → District
  ✓ RED preserved: bulk/destructive listings
  ✓ RED preserved: new search/product semantics
  ✓ RED preserved: destructive schema changes
  ✓ RED preserved: not easily reversible
  ✓ RED preserved: weakening a safety gate
  ✓ RED preserved: genuine ambiguity
  ✓ contract states autonomy never removes the gates
  ✓ gate still named as in force: deploy lock
  ✓ gate still named as in force: safe-deploy.sh
  ✓ gate still named as in force: target lock
  ✓ contract forbids deploying merely to test the pipeline
  ✓ contract requires evidence captured before any write
  ✓ contract preserves the source-fidelity rule
  ✓ widening GREEN / narrowing RED reserved to the owner

✓ agent-authority-contract: passed.
agent-deploy-path-documented: an agent must be able to FIND the guarded deploy path

  ✓ .github/workflows/deploy-frontend.yml exists
  ✓ AGENTS.md names the guarded deploy workflow
  ✓ AGENTS.md explains that the deploy is dispatched, not run locally
  ✓ AGENTS.md documents the confirm: DEPLOY literal
  ✓ AGENTS.md documents dry_run as the no-deploy capability check
  ✓ AGENTS.md forbids the "cannot deploy from this environment" report
  ✓ AGENTS.md still names safe-deploy.sh as the entrypoint
  ✓ AGENTS.md still says a zero-deploy run is correct
  ✓ the documented workflow is still dispatch-only (no push trigger)

✅ agent-deploy-path-documented: passed.
PASS  the legacy PLATFORM_EN/PLATFORM_AR constants are gone
PASS  isPlatformRestriction()/stripPlatform()/platformNote() are gone
PASS  platformPinned is gone (no more forced "we search every platform" note)
PASS  the model is sent the RAW user text, not a platform-stripped modelText
PASS  the newer PLATFORM FILTERING system-prompt feature is still intact (untouched by this fix)
PASS  new prompt guidance distinguishes incidental platform mentions from a real restriction request
PASS  originalCurrency() has an Arabic currency-word table (AR_CUR_LABEL)
PASS  originalCurrency() falls back to scanning Arabic currency words when no Latin match is found
PASS  real repro: 'بميزانية 100000 دولار' -> USD 100,000 (was silently dropped before the fix)
PASS  real repro: 'بميزانية 5000 دينار كويتي' -> KWD 5,000 (was silently dropped before the fix)
PASS  English control (unchanged behavior)
PASS  a SAR-only budget returns empty (never a false "original currency")
PASS  no currency mentioned at all returns empty
PASS  Jordanian dinar disambiguates from the bare/Kuwaiti default

✓ AI Agent platform-restriction removal + Arabic currency fallback verified
PASS  extractPrice collects candidates instead of returning on first match
PASS  RANGE_RE uses Unicode-aware lookarounds for the Arabic connectors (not a bare \b)
PASS  the old bare-\b Arabic pattern is gone as executable code
PASS  2+ candidates + range phrase -> take the MAX, never the first
PASS  real repro: "من 300000 الى 1500000" -> HIGH bound (1500000), not the low one
PASS  range with commas + ريال
PASS  بين X و Y range
PASS  English "from X to Y"
PASS  English "between X and Y"
PASS  bare hyphen range
PASS  single number unchanged (ceiling)
PASS  single number with currency unchanged
PASS  no price mentioned at all
PASS  a size is never treated as a price
PASS  two unrelated numbers, no range phrase -> first (unchanged legacy fallback)
PASS  trap: a place name containing "من" fused with no space must not false-positive as a range connector

✓ agent price-range-ceiling fix verified (extractPrice takes the upper bound of an explicit range)
PASS  prompt OUTPUT object lists rent_period
PASS  prompt documents rent_period as the rental-POOL filter, separate from pricing_basis
PASS  prompt covers the period-only no-budget case («شقق للإيجار الشهري في الرياض»)
PASS  SCHEMA declares rent_period with the closed enum (Gemini rejects an empty enum member — "none", never "")
PASS  SCHEMA required includes rent_period
PASS  edge maps out.rent_period with monthly_rent/annual_rent budget-basis fallback
PASS  edge clears rentPeriod for non-Rent deals
PASS  edge returns rentPeriod inside query
PASS  daily/weekly/quarterly budget bases do NOT remap the pool (conservative)
PASS  BackendQuery declares rentPeriod
PASS  queryFromBackend maps b.rentPeriod to q.rentPeriod (closed values only)
PASS  mapping happens BEFORE applySourceFilter so the Gathern monthly-only override wins
PASS  emptyQuery unstated-period default stays 'annual' (Filter parity — do not change without an owner ruling)

OK — agent explicit rental-period contract intact
PASS  the live repro answer «مدينة الرياض» is read as the CITY option
PASS  the other offered answer «منطقة الرياض» is read as the REGION option
PASS  the short natural answer «مدينة» is read as the CITY option
PASS  «ابغى شقة في مدينة الرياض» (said up front, not as an answer) is read as the CITY option
PASS  «منطقة الرياض كاملة» is read as the REGION option
PASS  an answer naming NEITHER word stays null — the question still stands, we never guess a scope
PASS  an answer naming BOTH words stays null — ambiguous, never a coin flip
PASS  empty / missing text is null, not a scope
PASS  TRAP: «المدينة المنورة» (Madinah — contains «مدينة» fused to «ال») is NOT a scope choice
PASS  TRAP: «المنطقة الشرقية» (Eastern Province — contains «منطقة» fused to «ال») is NOT a scope choice
PASS  TRAP: a naive ASCII-\b regex would never fire on Arabic at all (why this module uses Unicode lookarounds)
PASS  CITY answer → the bare city name (the engine scopes to that one city)
PASS  REGION answer → «منطقة X» (the engine scopes to the WHOLE region)
PASS  the two answers are DIFFERENT scopes — never collapsed into one
PASS  a location already carrying «منطقة » is not double-prefixed
PASS  switching an already-region location back to the CITY strips «منطقة »
PASS  every region/city twin round-trips (جازان تبوك حائل نجران الباحة الجوف)
PASS  an empty twin name never becomes a bare «منطقة » (no invented location)
PASS  locationClarification() found in src/app/agent.tsx
PASS  it reads the scope the user named from THIS message
PASS  the region-vs-city branch STOPS asking once the user named one of the two options
PASS  the whole-region branch stops asking ONLY when the user named «منطقة X» for that twin
PASS  the twin question itself still exists for a user who has NOT answered it
PASS  send() commits the named scope before deciding anything else
PASS  a listings turn is rewritten ONLY when the model's location is that twin AND the user really named a scope for it (an unprompted bare «منطقة» must never widen a named city)
PASS  when the model drifts off-thread (greeting / another question) the answer to OUR question still searches
PASS  the pending question is read-and-CLEARED once per turn (it can never go stale)
PASS  asking the question records WHICH twin it is about
PASS  New Chat inherits no half-answered question
PASS  the Kingdom-wide «ما قدرت أحدد الموقع بدقة» note is still gated on the 2-ask cap only

✓ agent scope-answer verified — «مدينة X» searches that city, «منطقة X» searches the whole region, neither is re-asked and neither falls through to a Kingdom-wide search
PASS  isSizeDetail excludes bedroom-shaped values (1-4, 5+)
PASS  appends the size only when the reply does not already mention it
PASS  the listings reply now uses replyOut, not the raw lead(out.reply)
PASS  size given, reply omits it -> size appended (Arabic)
PASS  size given, reply omits it -> size appended (English)
PASS  size already mentioned in the reply -> left unchanged, no duplicate
PASS  bedroom count "3" is NOT a size -> never appended
PASS  bedroom count "5+" is NOT a size -> never appended
PASS  empty detail -> reply untouched
PASS  commercial land size "1200" -> appended

✓ agent size-in-reply fix verified (reply sentence always mentions a size the user gave)
PASS  src/data/agent.ts still defines an AR_TYPE object literal
PASS  parsed a non-trivial number of AR_TYPE entries (got 38)
PASS  'أرض زراعية' -> Agriculture Plot
PASS  'ارض زراعية' -> Agriculture Plot
PASS  'كشك' -> Shop
PASS  'درايف ثرو' -> Shop
PASS  'صالة' -> Commercial Building
PASS  'سينما' -> Commercial Building
PASS  'محطة' -> Gas Station
PASS  'مكاتب مشتركة' -> Office
PASS  'مخازن سحابية' -> Warehouse
PASS  'ملحق علوي' -> Apartment
PASS  'مبنى شقق مخدومة' -> Apartment
PASS  'مجمع سكني' -> Residential Building
PASS  'حوش' -> Residential Land
PASS  no AR_TYPE key is shadowed by an earlier literal-prefix key (0 violation(s))
PASS  supabase/functions/agent/index.ts SYNONYMS covers: كشك / درايف ثرو -> Shop
PASS  supabase/functions/agent/index.ts SYNONYMS covers: صالة / سينما -> Commercial Building
PASS  supabase/functions/agent/index.ts SYNONYMS covers: محطة (bare) -> Gas Station
PASS  supabase/functions/agent/index.ts SYNONYMS covers: مكاتب مشتركة -> Office
PASS  supabase/functions/agent/index.ts SYNONYMS covers: مخازن سحابية -> Warehouse
PASS  supabase/functions/agent/index.ts SYNONYMS covers: ملحق علوي / مبنى شقق مخدومة -> Apartment
PASS  supabase/functions/agent/index.ts SYNONYMS covers: مجمع سكني -> Residential Building
PASS  supabase/functions/agent/index.ts SYNONYMS covers: حوش -> Residential Land

✓ all AI-agent Arabic synonym coverage + ordering assertions passed
verify-alert-acknowledgment-coverage
  ok   §1 alert-dispatch.yml has an "Acknowledge alerts..." step
  ok   §1 the step reads issue .assignees
  ok   §1 the step filters for a NON-EMPTY assignees array
  ok   §1 the step PATCHes acknowledged_at
  ok   §1 the PATCH only touches rows still acknowledged_at IS NULL (idempotent, safe to run every cycle)
  ok   §2 20260826134525_unacknowledged_p0_detector_and_roster_wire.sql is present
  ok   §2 defines mon_detect_unacknowledged_p0()
  ok   §2 scopes to severity = P0 only (P1/P2/P3 ack SLAs are a separate, unproven decision)
  ok   §2 only considers alerts that were actually dispatched (dispatched_at is not null)
  ok   §2 checks acknowledged_at IS NULL before raising
  ok   §2 applies a grace window before raising (a human needs time to see the issue at all)
  ok   §2 raises via mon_raise on kind alert_acknowledgment
  ok   §2 can clear its own kind via mon_resolve_key (no ratchet)
  ok   §2 dedup key is per-alert (unacknowledged_p0:<id>), so concurrent P0s page independently
  ok   §3 splices via pg_get_functiondef, not a hand-pasted CREATE OR REPLACE body
  ok   §3 uses replace() to splice, and never has to read what else is in the array
  ok   §3 refuses to run if the anchor detector is missing (would splice blind)
  ok   §3 refuses to duplicate if already present (idempotency guard against a second apply)
  ok   §3 the new detector name actually appears in the splice-in string
  ok   §4 npm test runs this file
verify-alert-acknowledgment-coverage: all checks passed
verify-alert-delivery-coverage
  ok   §0 DELIVERED_SEVERITIES includes P0 (the severity the 2026-08-26 blackout dropped)
  ok   §0 DELIVERED_SEVERITIES excludes P3 (informational, deliberately not delivered)
  ok   §0 grace window is a positive number of minutes
  ok   §1 alert-dispatch.yml still carries a severity filter this check can read
  ok   §1 dispatcher severity filter == DELIVERED_SEVERITIES
  ok   §1 exactly one severity filter in the workflow (a second one would go unchecked)
  ok   §2 alert-dispatch.yml creates the P0 label before filing
  ok   §2 alert-dispatch.yml creates the P1 label before filing
  ok   §2 alert-dispatch.yml creates the P2 label before filing
  ok   §3 at least one migration defines mon_detect_alert_delivery()
  ..   newest definition: 20260828214448_alert_delivery_second_writer_exempts_selftest_fixtures.sql
  ok   §3 detector declares a c_delivered severity array
  ok   §3 detector c_delivered == DELIVERED_SEVERITIES
  ok   §3 detector inspects dispatched_at (delivery), not only configuration
  ok   §3 detector applies a grace window before raising
  ok   §3 detector raises on dedup key alert_delivery_unconfigured
  ok   §3 detector can clear dedup key alert_delivery_unconfigured (no ratchet)
  ok   §3 detector raises on dedup key alert_delivery_undelivered
  ok   §3 detector can clear dedup key alert_delivery_undelivered (no ratchet)
  ok   §3 detector raises on dedup key alert_delivery_second_writer
  ok   §3 detector can clear dedup key alert_delivery_second_writer (no ratchet)
  ok   §4 workflow parser returns null when no filter is present
  ok   §4 workflow parser ignores commented-out / documented filters
  ok   §4 filter counter ignores comments too
  ok   §4 workflow parser reads the encoded form
  ok   §4 workflow parser reads the literal-paren form
  ok   §4 detector parser returns null when the declaration is absent
  ok   §4 set comparison rejects a missing element
  ok   §4 set comparison rejects an extra element
  ok   §4 set comparison is order-insensitive
verify-alert-delivery-coverage: all checks passed

The alert delivery channel must report its own liveness

PASS  alert-dispatch.yml writes the heartbeat table
PASS  the heartbeat step runs with if: always()
PASS  the heartbeat step writes last_run_at
PASS  the heartbeat upserts rather than inserting a second row
PASS  mon_detect_alert_dispatch_silent() is defined in its migration
PASS  the detector raises a P1 on alert_delivery
PASS  the detector resolves its own key when healthy
PASS  the silence threshold is still 24h
PASS  the detector is wired into the mon_run_all_detectors() roster in the SAME migration
PASS  the roster edit is a needle-edit built from the LIVE function definition
PASS  the roster edit verifies that it actually took

✓ alert-dispatch heartbeat: channel liveness is reported and watched


Alert routing wired: every delivered alert reaches an owning routine

PASS  routeForKind is total — every hostile input returns one of the seven routines
PASS  labelForKind never returns empty/undefined for the same inputs
PASS  exactly seven routines, numbered 1..7
PASS  every routine label is distinct
PASS  every routine label is `routine-<n>-…`
PASS  ALERT_ROUTINE_LABELS lists every routine (the workflow creates labels from it — a missing one makes `gh issue edit --add-label` fail and leaves the issue unowned)
PASS  FALLBACK_ROUTINE is a real routine
PASS  fallback is routine #2 (🎖️ Senior Production), the standing triage router in SENTRY_ROUTING §2
PASS  an unmatched kind lands on the fallback
PASS  #7 before #3: stale_no_remediation_path is a seam failure, not a stale-data one
PASS  #3 still owns ordinary stale kinds
PASS  #5 before #3: af_* stays with Advanced Filter
PASS  #7 owns the monitoring chain itself
PASS  #1 owns the capture layer
PASS  rule order is meaningful (the broad #3 rules come after the specific ones)
PASS  .github/workflows/alert-dispatch.yml exists
PASS  workflow checks the repo out (the routing shim is a tracked file)
PASS  workflow sets up node (the shim runs under --experimental-strip-types)
PASS  workflow EXECUTES scripts/alert-routing-label.ts rather than restating the table in bash
PASS  workflow creates the routine labels from ALERT_ROUTINE_LABELS
PASS  workflow applies the label to the issue
PASS  workflow only routes issues that have no routine label yet (a human re-route is respected)
PASS  workflow still selects only unrouted issues from the ezhalah-alert queue
PASS  scripts/alert-routing-label.ts exists
PASS  shim exits non-zero when given no kind (a workflow bug must be loud, not blank)
PASS  shim prints labelForKind, not a hand-written mapping
PASS  docs/ops/ALERT_ROUTING.md exists
PASS  doc names scripts/lib/alertRouting.ts as the single source of truth
PASS  doc states routing is total
PASS  doc names routine #2 as the fallback / triage router
PASS  doc explains that assignment is what writes acknowledged_at

✓ Alert routing wired: mapping is total, seven distinct owners, fallback is a real routine, and the workflow executes the mapping rather than mirroring it
  ✓ signed-in + 'dark' → dark
  ✓ signed-in + 'system' + OS dark → dark
  ✓ signed-in + 'light' + OS dark → light
  ✓ signed-out + 'system' + OS dark → light (System is an authenticated preference)
  ✓ signed-out + stored 'dark' + OS dark → light (the leak rule, executed)
  ✓ signed-in delegates to resolveTheme (one decision, not two systems)
  ✓ provider resolves through the auth gate
  ✓ provider pins data-theme='light' for guests (media query cannot darken them)
  ✓ provider leaves the boot attribute alone until auth is KNOWN (no light stomp mid-boot)
  ✓ reset clears the stored preference (web, sync)
  ✓ reset clears the stored preference (AsyncStorage mirror)
  ✓ reset also returns the in-memory mode to its default
  ✓ pre-hydration boot gates dark on a Supabase auth token (the token check must FEED the read)
  ✓ pre-hydration boot pins guests to 'light'
  ✓ signOut() resets the appearance
  ✓ deleteAccount() resets the appearance
  ✓ deleteAccount resets ONLY after the server-confirmed guard
  ✓ store mirrors adoption into the theme (setThemeAuthState(true))
  ✓ store resets on an observed signed-in→signed-out transition
  ✓ store announces known-guest without clearing (boot is not a transition)
  ✓ src/components/AccountMenu.tsx never calls the theme reset (cancel keeps Dark)
  ✓ src/components/Sidebar.tsx never calls the theme reset (cancel keeps Dark)

✓ verify-appearance-lifecycle: all checks passed
PASS  aqar_parse is defined in a committed migration (repo == prod)  (20260811064231_aqar_parse_labeled_total_beats_subfloor_pick.sql)
PASS  artifact guard: price==area equality trigger present
PASS  artifact guard: explicit total-label requirement present
PASS  artifact guard: nulls the artifact price (never keeps it)
PASS  rate-strip (2026-08-03) still present — per-meter rates are not totals
PASS  live detector mon_detect_price_eq_area_or_ppm committed
PASS  verified-coincidence allowlist table committed

✓ area/ppm-as-price artifact guard is pinned — the 55-row bug class cannot silently return
verify-aqar-area-comma-safe: a thousands comma must never truncate an area.

PASS  aqar_parse is defined in a committed migration (repo == prod)
PASS  the v_area assignment block is present
PASS  the area capture keeps commas in the matched token (\d[\d,]*)
PASS  the captured area is comma-stripped before the ::numeric cast
PASS  the comma strip precedes the numeric cast in the same expression
PASS  the area plausibility gate is still present (1 .. 10,000,000)
PASS  the area anchor still excludes «المساحة حسب الصك»

✓ aqar area extraction is comma-safe — "2,496.4 م²" cannot become 2

Aqar category coverage — no crawl surface without a type, no silent unmapped slug

PASS  discover.CATEGORIES parsed
PASS  normalize.SLUG_TO_TYPE parsed
PASS  every crawled Aqar category has a SLUG_TO_TYPE mapping
PASS  the parser does not silently accept an unmapped slug

NOTE: Aqar publishes no duplex category (verified live 2026-08-19). Its villas that merely mention
      دوبلكس in seller text are villas — never relabel them.

✓ Aqar category coverage intact

aqar-city-slug-scope: a city slice must actually be that city

  ✓ a nationwide fallback page is detected as NOT city-scoped
  ✓ a real city page is allowed through (both spellings, multi-word towns)
  ✓ a short page never trips the guard (min sample >= 8)
  ✓ MUTATION PROOF: with no guard the fallback goes unreported
  ✓ an ignored city filter is a THIRD state — it does not redden the run, a blocked fetch still does
  ✓ all 95 aqar city slugs use the plain-alif form aqar actually serves
  ✓ the seven slugs corrected on 2026-08-22 are pinned to their verified values
  ✓ run_residential records city_filter_ignored in the run notes
  ✓ npm test runs this guard

✅ aqar-city-slug-scope: passed.
verify-aqar-labeled-total-beats-subfloor: an explicit «السعر» total outranks a
  sub-floor document-order pick — one-directionally, and only below the floor.

PASS  aqar_parse is defined in a committed migration (repo == prod)
PASS  extracts an explicitly labeled «السعر: N ريال» total from the page head
PASS  only fires when the document-order pick is under the 10,000 SAR non-price band
PASS  requires the labeled total to be >= 10000 before it can win
PASS  the labeled-total branch is present and closed
PASS  v_price := v_labeled appears exactly once
PASS  v_price := v_labeled happens ONLY inside the floor-gated branch (never unconditional)
PASS  2026-08-03 per-meter strip still present (rate-qualified expressions removed from head)
PASS  2026-08-10 area-artifact guard still present (price == area needs an adjacent total label)
PASS  word-price fallback still runs before the labeled-total rule

✓ labeled-total rule intact: source-labeled totals win below the floor, prose never wins above it
PASS  i18n renders the label «سعر المتر» for 'Price Per m²'
PASS  i18n renders the currency «ر.س» for 'SAR'
PASS  i18n renders the unit «ريال/م²» for 'SAR/m²'
PASS  tPrice maps the price-less sentinel to «السعر عند الطلب»
PASS  published rate renders on a price-less listing (ad 6237931)
PASS  …and its Arabic line reads «سعر المتر 175 ريال/م²»
PASS  published rate renders on 238,000 m² land (ad 6246621)
PASS  …thousands separator is applied (ad 6781586)
PASS  the rendered line ends in the per-m² unit, never a bare currency amount
PASS  rate renders for ad 6694227
PASS  «سعر المتر 1» placeholder is WITHHELD (ad 6668714 keeps «السعر عند الطلب»)
PASS  a listing WITH a real price never shows the rate line
PASS  a listing with no published rate is unchanged
PASS  a 0 rate is WITHHELD, never rendered as «سعر المتر ر.س 0» (live dealapp 4575693)
PASS  a second real 0-rate row is withheld too (live dealapp 1291533)
PASS  ResultCard still gates on the price-less sentinel
PASS  ResultCard still gates on a non-null pricePerMeter
PASS  ResultCard still withholds the 1 placeholder AND non-positive rates (0, negatives)
PASS  ResultCard renders the rate with the Arabic label + the per-m² unit helper
PASS  ResultCard no longer prefixes the rate with a bare t('SAR')
PASS  ResultCard puts the number BEFORE the unit
PASS  price_per_meter is NOT folded into the Listing.price string
PASS  remote.ts passes price_per_meter through verbatim (no rounding / no derivation)
PASS  LIST_SELECT actually requests the column (else the card can never see it)

✓ aqar price-per-meter card display verified (Arabic label, placeholder withheld, no price-string contamination)
verify-aqar-price-artifact-write-guard: a price repair must survive the next sweep.

PASS  trg_aqar_reject_price_artifact is defined in a committed migration (repo == prod)
PASS  rejects a price equal to the row area (price == area_m2)
PASS  rejects a price equal to the row per-meter figure (price == price_per_meter)
PASS  a rejected write keeps the stored value (NEW.price_total := OLD.price_total)
PASS  never assigns a computed/derived price (no arithmetic on the way in)
PASS  allows a NULL price write (honest unknown is never blocked)
PASS  scoped to UPDATE
PASS  ignores writes that do not change the price
PASS  honours ops_price_eq_area_verified (a source-real coincidence stays)
PASS  trigger wired BEFORE UPDATE on aqar_residential_listings
PASS  trigger wired BEFORE UPDATE on aqar_commercial_listings
PASS  trigger name sorts after 'aqar_parse_bi' (guard sees the post-parse value)

✓ write-path guard intact: the artifact classes cannot be written back over a repair
PASS  trg_aqar_parse has a committed migration definition
PASS  backfill_aqar_res has a committed migration definition
PASS  trg_aqar_parse does not assign price_per_meter (source-published, never derived)
PASS  trg_aqar_parse never divides a price by area_m2
PASS  backfill_aqar_res does not assign price_per_meter (source-published, never derived)
PASS  backfill_aqar_res never divides a price by area_m2
PASS  aqar_published_ppm (backfill re-extractor) is committed
PASS  aqar_published_ppm reads the published «سعر المتر» token from captured page text
PASS  aqar_published_ppm never references price_total / price_annual / area_m2
PASS  mon_detect_price_fidelity is committed
PASS  mon_detect_price_fidelity raises ppm_source_dropped when a published rate is stored NULL

✓ aqar price_per_meter source-fidelity guards verified
PASS  aqar_word_price has a committed migration definition
PASS  aqar_word_price handles the million («مليون») + thousand («الف») forms
PASS  aqar_word_price is bounded (rejects implausible values)
PASS  aqar_parse has a committed migration definition
PASS  aqar_parse still calls the word-price fallback
PASS  the fallback is guarded (only when no machine-price found)

✓ aqar word-price fallback is present in migrations

aqarmonthly district←city suffix — parser guard / backfill parity

PASS  the guard is a named function resolve_slug delegates to (so it is testable at all)
PASS  RULE 1 — the guard compares NORMALISED tokens, never raw ones
PASS  RULE 1 — it reuses the module’s own norm_ar (one normaliser, not a second copy)
PASS  RULE 2 — the city’s FIRST token alone is stripped
PASS  RULE 3 — a trailing امارة/منطقة marker is stripped, in normalised form
PASS  rule ORDER is full-city → first-token → marker
PASS  at least two tokens always survive (a short real district is never hollowed out)
PASS  only TRAILING tokens are removed — the guard never rebuilds or renames the district
PASS  a blank district or an unresolved city is returned untouched (no invented value)
PASS  EXACT-LOCATION-ONLY — no resolver strips «منطقة X» and retries it as a CITY
PASS  EXACT-LOCATION-ONLY — resolve() keeps the city retry and the region lookup on SEPARATE strings
PASS  the canonical SQL rule is committed (migration mirror rule)
PASS  SQL carries the SAME three rules
PASS  SQL keeps the same two-token floor
PASS  a standing detector watches for re-scrape re-corruption, and is on the roster

  mutation proof — each guard must FAIL on its own defect

  PASS  catches: reverting to RAW token comparison (the original 0/38 bug)
  PASS  catches: deleting the first-token rule (22/38 rows would rot again)
  PASS  catches: deleting the admin-marker rule
  PASS  catches: dropping the two-token floor (would hollow out real districts)
  PASS  catches: re-enabling «منطقة X» → city X in to_catalog (invented precision)
  PASS  catches: resolve() feeding the REGION-stripped label back into the city lookup
  PASS  catches: inlining the guard back into resolve_slug (untestable again)
  PASS  catches: the SQL mirror losing the normalised comparison
  PASS  catches: the detector being dropped from the roster wiring

✓ all three suffix rules held on both sides; exact-location-only intact

PASS  hasArabicChar("الرياض") → true
PASS  hasArabicChar("Riyadh") → false
PASS  hasArabicChar("") → false
PASS  hasArabicChar("Al Malqa, الرياض") → true (mixed, has some Arabic)
PASS  hasArabicChar("123") → false (digits are not Arabic script)
PASS  unresolved English location in AR locale → placeholder, not raw English
PASS  resolved Arabic location in AR locale → shown as-is
PASS  empty string → stays empty (callers already guard emptiness separately)
PASS  English locale + English location → shown as-is (English there is CORRECT, not a leak)
PASS  English locale + Arabic location → untouched (no-op outside Arabic locale)
PASS  ambiguous-match raw echo (verbatim user input, English) in AR locale → placeholder

✓ all arabic-summary-fallback assertions passed
PASS  SHOWS on the Filter home for a signed-out web visitor
PASS  SHOWS on the Agent screen for a signed-out web visitor
PASS  LOGGED-IN users never see it
PASS  LOGGED-IN users never see it (on Agent)
PASS  HIDDEN while the session is still restoring (no flash at a logged-in visitor)
PASS  HIDDEN on native (web only)
PASS  HIDDEN while the intro film could still render (never cover it)
PASS  DISMISSAL IS RESPECTED — once closed this session, it never auto-raises again
PASS  DISMISSAL holds across Filter↔Agent navigation (no re-pop nag)
PASS  HIDDEN on every other route
PASS  exactly TWO of the 96 gate combinations show it (Filter home + Agent)
PASS  ZERO of the signed-in combinations show it
PASS  drag ENABLED on desktop web
PASS  drag DISABLED on mobile web (centered responsive modal instead)
PASS  drag DISABLED on native
PASS  drag DISABLED on native mobile
PASS  a violent throw right/down is clamped fully on-screen
PASS  a violent throw left/up is clamped fully on-screen
PASS  NaN-free at the extremes
PASS  an in-bounds position is left exactly where the user put it
PASS  every offset in a ±2000px sweep clamps to fully on-screen
PASS  a card taller than the viewport pins its TOP (grab strip) edge on-screen
PASS  SignInDock component file is DELETED
PASS  signInDockVisibility lib is DELETED
PASS  no screen or layout imports or mounts a SignInDock
PASS  Filter screen has no side auth card render path
PASS  Agent screen has no side auth card render path
PASS  sidebar renders exactly ONE guest sign-in CTA (the duplicate card stays gone)
PASS  the remaining sidebar CTA is the tagged minimal affordance
PASS  WIRING the layout auto-show effect calls shouldAutoShowAuthPopup (no inline copy)
PASS  WIRING introBlocking derives from INTRO_ENABLED — a disabled intro never dams the popup
PASS  WIRING the ONE AuthModal is mounted at the app root, pathname-agnostic (available on Filter AND Agent)
PASS  WIRING AuthModal gates drag through canDragAuthPopup
PASS  WIRING AuthModal clamps every drag through clampAuthPopupOffset
PASS  WIRING the drag machinery renders only when drag is enabled (mobile keeps the plain modal)
PASS  WIRING AuthModal renders nothing unless opened (authOpen)
PASS  WIRING closeAuth stamps the session dismissal (closing is respected, reopening stays manual)
PASS  WIRING testIDs for the journey engineer: auth-popup / drag-handle / close
PASS  WIRING desktop sizing exists and mobile cap is untouched (400 stays; 470 is desktop-only)

✅ verify-auth-popup: the movable sign-in popup contract holds
authoritative-null-price: only the SOURCE may blank a known price

  ✓ a None price key is DROPPED — a failed fetch cannot blank a known price
  ✓ AUTHORITATIVE_NULL is written through as a real NULL
  ✓ the sentinel is distinguishable from None and is falsy
  ✓ control columns still accept None (prune/reactivate/kill keep working)
  ✓ real values pass through untouched
  ✓ no accidental path yields the sentinel (missing key, None, failed parse, exception)
  ✓ MUTATION PROOF: the pre-fix guard fails the authoritative case
  ✓ price_evidence.authoritative_absent records WHY, and defaults to false
  ✓ aqar derives authoritative_no_price from the oracle (s_authoritative AND no price)
  ✓ every AUTHORITATIVE_NULL assignment in the aqar enricher is gated on authoritative_no_price (2/2)
  ✓ price_per_meter is never authoritatively blanked (سعر المتر is its own published field)
  ✓ npm test runs this guard

✅ authoritative-null-price: passed.
verify-bedrooms-source-corroboration
  ok   §1 a migration defines bedrooms_source_corroborated()
  ..   newest definition: 20260826070355_field_integrity_bedrooms_respects_source_published_counts.sql
  ok   §1 the detector predicate actually calls it (guard is wired, not just defined)
  ok   §1 the needle-edit refuses on a non-unique anchor
  ok   §1 the needle-edit is idempotent (re-running is a no-op)
  ok   §2 extracted exactly two regex templates (title + url) from the SQL
  ok   §2 sanadak Arabic title (the real row)
  ok   §2 sanadak URL slug alone
  ok   §2 wasalt latin title, case-insensitive (the real row)
  ok   §2 wasalt latin, singular form
  ok   §2 DIGIT BOUNDARY: a title saying 1700 must NOT corroborate a stored 700
  ok   §2 DIGIT BOUNDARY: 23000 in title must NOT corroborate a stored 3000
  ok   §2 the genuine wasalt suspect WST5874630 stays uncorroborated
  ok   §2 the genuine wasalt suspect WST5882708 stays uncorroborated
  ok   §2 a bare number with no bedroom word does NOT corroborate
  ok   §2 area in the title must not corroborate a bedroom count
  ok   §3 the migration records the measured before/after on BOTH tables
  ok   §3 the surviving wasalt suspects are named, not quietly dropped
verify-bedrooms-source-corroboration: all checks passed

Buy+Rent combined (شراء+إيجار) Advanced Filter gating — 3-way intersection, never union

PASS  EXECUTED — combined mode refuses a Buy-only question (direction, Apartment) and a Rent-only one (rnpl)
PASS  EXECUTED — combined mode refuses Monthly-only signals (rating, unit_subtype, Apartment)
PASS  EXECUTED — non-vacuous: a question certified for ALL THREE legs IS still offered in combined mode
PASS  cohortAllowsCombined requires membership in Buy AND RentAnnual AND RentMonthly (all three legs)
PASS  cohortAllows routes q.dealCombined to cohortAllowsCombined
PASS  the dealCombined check runs BEFORE the single-deal Buy branch (order matters — combined must never fall through to Buy-only)
PASS  EXECUTED — a real q.deal value does NOT override dealCombined (regression: falling through to Buy-only)
PASS  EXECUTED — combined + 2 types (Apartment, Villa): only the surface shared by ALL SIX lists survives
PASS  rnpl never appears in a Buy list anywhere in COHORT_QUESTIONS (so combined mode always excludes it, correctly)
PASS  rating never appears in a Buy or RentAnnual list (Monthly-only signal, correctly excluded from combined mode)
PASS  unit_subtype never appears in a Buy or RentAnnual list (Monthly-only signal, correctly excluded from combined mode)
PASS  Apartment 3-way intersection is non-empty (amenities + bathrooms genuinely shared across Buy/RentAnnual/RentMonthly)
PASS  Room has no Buy entry in COHORT_QUESTIONS (so combined mode mechanically offers it zero questions)
PASS  EXECUTED — combined mode on Room offers nothing, even for a question in its RentAnnual list
PASS  AGE_QUESTION's eligibility gate (isAgeFilterScope) also excludes dealCombined, unconditionally
PASS  isAgeFilterScope's dealCombined check runs BEFORE the single-type/category checks (fails closed, not open)

✓ Buy+Rent combined AF gating intact: 3-way intersection, no Buy-only/Rent-only/Monthly-only leak

card-attr-value-coercion: a source-published non-string must never blank the app
  ✓ buildAdditionalInfo has an Array.isArray(raw) branch
  ✓ the legacy array branch coerces value to a string
  ✓ the legacy array branch coerces label to a string
  ✓ the legacy array branch no longer returns the raw source rows verbatim
  ✓ every mapped value is a string with a working .trim()
  ✓ the published value is preserved exactly (never re-formatted or dropped)
  ✓ a pre-fix renderer would have thrown on these same rows
  ✓ ResultCard.arAttrValue exists
  ✓ arAttrValue coerces its value argument before .trim()
  ✓ arAttrValue coerces its label argument before .trim()
  ✓ no unguarded (value|label ?? '').trim() remains in ResultCard
✅ card-attr-value-coercion: source values are string-normalised at the boundary and at the renderer.

Sidebar delete-confirmation — حذف never deletes without «حذف نهائي»

PASS  the menu حذف item opens the confirmation (setConfirmDeleteId), not the delete
PASS  deleteHistory has EXACTLY ONE call site: the confirmed handler
PASS  a real RN <Modal> is used — never a browser confirm()
PASS  Escape cancels (onRequestClose clears the id, deletes nothing)
PASS  tapping outside cancels (backdrop Pressable clears the id, deletes nothing)
PASS  إلغاء cancels and is its own quiet control, separate from the destructive button
PASS  «حذف نهائي» is visually destructive (the red fill the app already uses for destruction)
PASS  confirm fires the delete EXACTLY once (synchronous ref guard beats a double-tap)
PASS  the owner’s exact Arabic warning ships verbatim (title + body + button)
PASS  rename and star behavior are untouched (their handlers still fire directly from the menu)

  mutation proof — each guard must FAIL on its own defect

  PASS  catches: the menu حذف item reverting to an immediate deleteHistory
  PASS  catches: onRequestClose (Escape) being rewired to anything but a pure cancel
  PASS  catches: the double-tap guard being deleted from the confirm handler
  PASS  catches: someone replacing the Modal with window.confirm
  PASS  catches: «حذف نهائي» losing its red destructive styling
  PASS  catches: the permanent-deletion warning being dropped from i18n

✓ deletion requires explicit «حذف نهائي»; Escape/backdrop/إلغاء always cancel


full-conversation persistence (owner 2026-08-25)

PASS  serialize: keeps user/agent/results, strips status turns
PASS  serialize: strips typing flags (a restored chat renders final state)
PASS  serialize: results turn keeps exactly the cards the user revealed (25 of 40)
PASS  serialize: a truncated turn restarts paging (pageOffset 0 + hasMore) for gap-free «عرض المزيد»
PASS  serialize: an un-truncated turn keeps its exact paging state
PASS  serialize: revealCount/afReceipt drop ids of messages that are not kept
PASS  serialize: the cumulative AF pills record rides along (answers stay removable after restore)
PASS  serialize: an empty chat (greeting only) persists nothing
PASS  restore: round-trips the serialized conversation
PASS  restore: marks every message done-typing (nothing re-types on a reopened chat)
PASS  restore: rejects a wrong version
PASS  restore: rejects structurally-broken storage (results turn without listings)
PASS  restore: rejects an empty transcript
PASS  bounds: listing cap and first-page floor are sane
PASS  bounds: reveal beyond the cap is clamped to TRANSCRIPT_LISTING_CAP
PASS  a continuation turn names its chat: recordHistory(q, result, chatId) threaded from runQuery
PASS  the named chat is looked up FIRST — a continuation can never fork a new sidebar entry
PASS  query-dedupe applies ONLY to entries with no held conversation (a transcript is never overwritten by a lookalike search)
PASS  a continuation carries the entry’s existing transcript through the update (never dropped between turns)
PASS  saveTranscript stamps tRev, not ts (revealing more cards must not resort the sidebar)
PASS  …proved by execution: tRev moves
PASS  …proved by execution: ts is untouched (the sidebar does not resort)
PASS  …proved by execution: the fresh transcript replaces the old one
PASS  …proved by execution: a stale flag is cleared once a fresh transcript lands
PASS  every disk write routes through serializeHistoryForDisk (transcripts pruned to the recent-N cache)
PASS  pruning happens ONLY at the serialization boundary — in-memory state keeps every transcript
PASS  pull: server metas merge after sign-in, via the single shared precedence rule
PASS  …proved by execution: a NEWER SERVER entry wins the meta
PASS  …proved by execution: a NEWER LOCAL entry is kept whole
PASS  …proved by execution: a server-only chat appears
PASS  push: debounced write-through diffs per-entry activity stamps
PASS  push: gated on the pull having merged (a not-yet-merged list can never mass-delete server history)
PASS  push: deletions propagate only for ids the server was known to hold
PASS  a transcript the local cache pruned is never nulled on the server (meta-only upsert)
PASS  chatSync: upsert leaves the server transcript untouched when the caller holds none
PASS  chatSync: metas load excludes the transcript column (sidebar load stays small)
PASS  migration: user_chats is RLS-locked to auth.uid() with server-side identity default
PASS  migration: PDPL — chats cascade away with the auth user (account deletion wipes conversations)
PASS  agent: every live recorded turn names the conversation (ensureChatId on all 4 record calls)
PASS  agent: a text turn keeps the same identity (recordChatTurn return adopted)
PASS  agent: a fresh chat clears the conversation id (New Chat + startFresh inherit nothing)
PASS  agent: capture serializes the settled state, debounced and content-keyed
PASS  agent: restore reinstates ALL FIVE state slices (msgs, doneTyping, revealCount, afReceipt, guidedPills)
PASS  agent: restore adopts the chat id so continuing the conversation updates the SAME entry
PASS  agent: restore falls back to the server copy when the local cache was pruned
PASS  agent: restore never echo-writes what it just rendered
PASS  agent: the pending capture is tracked, and flushed by ONE function
PASS  agent: EVERY conversation-abandonment path flushes first (startFresh, openSaved, New Chat wipe)
PASS  agent: a web unload flushes too (pagehide covers refresh, close and bfcache)
PASS  store: saveTranscript writes disk DIRECTLY before setState — an unload-time flush cannot depend on React processing an update
PASS  agent: the sidebar replay path routes through openSaved (transcript first, snapshot fallback)
PASS  sidebar: EVERY chat opens through the replay path (chat-only entries restore too)

✓ conversations persist in full — exact transcript, one identity, local + server, ChatGPT-grade
PASS  «شقق للإيجار في الرياض»
PASS  «فلل للبيع في جدة»
PASS  «شقق للإيجار في الرياض · مفروش · حمامين»
PASS  a filter search is titled by its نوع, never the bare category
PASS  a group-only search is titled by its group
PASS  a MULTI-group search names the first group and counts the rest
PASS  AF-different searches get DIFFERENT titles
PASS  owner example A → «… · مفروش»
PASS  owner example B → «… · مصعد · موقف»
PASS  AF answer distinguishes the title — furnished
PASS  AF answer distinguishes the title — unfurnished
PASS  AF answer distinguishes the title — amenities
PASS  AF answer distinguishes the title — bathMin
PASS  AF answer distinguishes the title — ageMax
PASS  AF answer distinguishes the title — isNewConstruction
PASS  AF answer distinguishes the title — ratingMin
PASS  AF answer distinguishes the title — directions
PASS  AF answer distinguishes the title — streetWidthMin
PASS  AF answer distinguishes the title — unitSubtypes
PASS  AF answer distinguishes the title — rentPeriod monthly
PASS  AF answer distinguishes the title — rentPeriod both
PASS  AF answer distinguishes the title — bedrooms
PASS  AF answer distinguishes the title — multi-district
PASS  a heavily-filtered search shows at most 3 chips
PASS  a heavily-filtered title stays short enough for a sidebar row
PASS  the full detail list is still available to callers that want it
PASS  annual rent (the default) adds no chip
PASS  monthly rent IS called out
PASS  «كلاهما» is called out
PASS  2 bathrooms → «حمامين» (dual), not «2 حمامات»
PASS  1 bedroom → «غرفة»
PASS  3 bedrooms → «3 غرف»
PASS  no city → السعودية
PASS  no type and no group still titles
PASS  a title is never empty
PASS  the owner's example summarizes to «شقة بالرياض قرب المترو»
PASS  a summarized prompt is much shorter than the prompt
PASS  the leading ask is stripped
PASS  the budget clause is dropped
PASS  a long prompt is capped
PASS  a prompt that is ONLY an ask still yields a title
PASS  an empty prompt yields an empty title (caller decides)
PASS  a manual title wins over everything
PASS  a stored auto title is used when present
PASS  a legacy entry with only `label` still displays (no migration needed)
PASS  an entry with neither falls back to a generated title
PASS  auto MAY retitle an auto row
PASS  auto MAY retitle a legacy row with no source
PASS  auto MAY NOT retitle a manual row
PASS  B1. renameHistory exists
PASS  B2. rename spreads the existing entry (nothing is dropped)
PASS  B3.0 — the key extractor actually reads the rename assignments
PASS  B3. rename assigns ONLY title/titleSource/titleUpdatedAt
PASS  B3.query — rename never reassigns `query`
PASS  B3.snapshot — rename never reassigns `snapshot`
PASS  B3.label — rename never reassigns `label`
PASS  B3.starred — rename never reassigns `starred`
PASS  B3.id — rename never reassigns `id`
PASS  B4. rename never moves `ts` (a rename must not reorder the sidebar)
PASS  B5. rename persists under the signed-in account key only
PASS  B6. clearing the name hands the row back to auto-titling
PASS  B7. recordHistory consults canAutoRetitle before titling
PASS  B8. recordHistory keeps the prior title when it is manual
PASS  B9. a chat turn is titled with a SUMMARY, not the raw message
PASS  B10. a chat turn also respects a manual title
PASS  B11. title identity is NOT coupled to search de-duplication
PASS  B12. double-click enters rename mode
PASS  B12.1 double-click is not left as an un-forwarded react-native-web prop
PASS  B13. the row becomes an inline TextInput (no modal)
PASS  B14. Enter saves
PASS  B15. blur saves
PASS  B16. Escape cancels
PASS  B17. Escape survives the blur it triggers (otherwise blur re-saves the discarded text)
PASS  B18. touch devices can still rename — via the ⋯ menu (hold now belongs to reorder)
PASS  B19. the row renders through the single displayTitle precedence helper
PASS  B20. history rows (and therefore rename) stay signed-in only

✅ chat-title: passed.
ci-enforces-full-suite: the safety guards must actually gate a pull request
  scanned 54 workflow file(s); 4 run on pull_request
  ✓ npm test (43 regression guards) — enforced by full-verification-ci.yml
  ✓ npm run verify (taxonomy + location index) — enforced by full-verification-ci.yml

✓ ci-enforces-full-suite: passed.
PASS  owner's exact example: typing 'ر' matches every city containing ر (الرياض/الخبر/المدينة المنورة/مكة المكرمة all contain ر)
PASS  owner's exact example: typing 'ال' narrows the results (prefix matches first, then مكة المكرمة as a substring match via المكرمة)
PASS  owner's exact example: typing 'الري' shows الرياض
PASS  a taa-marbuta/haa spelling variant still matches (مكه matches مكة المكرمة via norm() folding)
PASS  no query text returns nothing (never shows an unfiltered dump while typing)
PASS  a query matching nothing returns nothing (no fuzzy fallback — city-field never guesses)
PASS  prefix matches rank before substring matches
PASS  THE VERIFIED LIVE EDGE CASE: الهفوف (2 distinct real cities, different regions) IS flagged as a collision
PASS  a unique city name is NOT flagged as a collision (so region stays hidden in the common case, per spec)
PASS  a normal city resolves via the static catalog (English city + English region, matching resolveLocation()'s own exact-city-match shape)
PASS  THE VERIFIED LIVE EDGE CASE: the two 'الهفوف' entries resolve to DIFFERENT English city keys (city_id disambiguates — never the wrong city)
PASS  an orphan city_id not in the static catalog (verified live: only 1 of 423 real cities, city_id 90001/بلسمر) falls back to the Arabic name directly, never crashes or produces undefined
PASS  locations.ts exports ensureCityFieldIndex/topCitiesByListings/matchCitiesByText/hasNameCollision/resolveCitySelection
PASS  locations.ts's city pool fetch is scoped by deal via top_cities_by_deal_ar(p_deal)
PASS  locations.ts no longer reads the global, deal-blind city_listing_counts_ar view for the field pool
PASS  district_options_ar RPC calls now pass p_deal AND p_category (district Top-6 is Category+Deal-scoped, unlike the Deal-only city one)
PASS  index.tsx no longer imports the old Place-based combined-field helpers (matchLocations/placeLabel/placeTitle/placeSub/placeIcon/placeKey/resolveLocation)
PASS  index.tsx placeholder text is "Which city?" (renders أي مدينة؟), not the old combined-field label
PASS  onFocus with empty text shows the deal+period+category-scoped Top 6 (topCitiesByListings(effDeal, rentPeriodTok, effCategory, 6))
PASS  REGRESSION (found live in testing): the Top-6-on-focus promise callback re-checks cityTextRef at resolution time before overwriting citySuggestions — without this guard, a keystroke typed right after focus can have its correctly-filtered results silently clobbered back to the stale Top 6 by the async callback resolving a moment later
PASS  REGRESSION (found live in testing, now also gates on deal AND period change): the deal+period-scoped ensureCityFieldIndex() fetch re-runs the match against cityTextRef once it resolves — without this, a user who types before a slow-connection fetch finishes would see an empty dropdown forever, since nothing else re-triggers matchCitiesByText() once the data actually arrives
PASS  NEW (owner request 2026-07-20, extended 2026-07-21 to also gate on rent-period change, 2026-08-14 on category, 2026-08-20 on dealCombined via effDeal): flipping Buy<->Rent, Monthly<->Yearly or Residential<->Commercial live-refreshes an already-open Top-6 list instead of leaving a stale ranking on screen
PASS  onChangeText clears citySelected on every keystroke (never silently reuses a stale pick)
PASS  onSearch blocks when citySelected is falsy, using CITY_REQUIRED_MSG (never calls the old free-text resolveLocation guessing path)
PASS  a blocked search scrolls to the top so the validation message is visible
PASS  the selection handler stores the FULL CityOption in citySelected (city_id-keyed, not just the display string)
PASS  i18n.tsx defines CITY_REQUIRED_MSG as a genuine Arabic string

✓ City-only Location field verified — Arabic prefix matching, duplicate-name disambiguation, and orphan city_id fallback all correct

An exact city stays that exact city — never re-scoped to a neighbourhood

1. a city name typed in any spelling subtracts to nothing
  ok    «أبها» − «ابها» → ""
  ok    «ابها» − «أبها» → ""
  ok    «الباحة» − «الباحه» → ""
  ok    «بريده» − «بريدة» → ""
  ok    «صامطه» − «صامطة» → ""
  ok    «المزاحميه» − «المزاحمية» → ""
  ok    «نجرأن» − «نجران» → ""
  ok    «الرياض» − «الرياض» → ""
  ok    «abha» − «abha» → ""

2. a real district still narrows, and unrelated names are left alone
  ok    «روابيأبها» − «ابها» → «روابي»
  ok    «ابهاالجديدة» − «أبها» → «الجديدة»
  ok    «العليا» − «الرياض» → «العليا»
  ok    «الملقا» − «jeddah» → «الملقا»
  ok    «» − «ابها» → «»
  ok    «العليا» − «» → «العليا»

3. the folding is 1:1, so the subtraction can never corrupt the remainder
  ok    foldArabicVariants keeps «أبها» the same length
  ok    foldArabicVariants keeps «الباحة» the same length
  ok    foldArabicVariants keeps «مكة المكرمة» the same length
  ok    foldArabicVariants keeps «روابي أبها» the same length
  ok    foldArabicVariants keeps «Al Olaya» the same length
  ok    foldArabicVariants keeps «حي الملقا، الرياض» the same length
  ok    foldArabicVariants keeps «إآٱةىي» the same length
  ok    every folded letter class maps to exactly ONE character
  ok    cutPlaceName returns characters of the ORIGINAL, never of the folded form

4. the guard in src/data/locations.ts is still wired up
  ok    liveDistrictLookup() was found
  ok    it subtracts the matched city through cutPlaceName
  ok    it never falls back to a spelling-blind String.replace for the city keys
  ok    the "input is just a city" guard still exists
  ok    the guard runs AFTER the subtraction

PASS — a city stays a city.

PASS  ensureCityFieldIndex .then receives the pool (rehydration source)
PASS  surviving-resolution path gated on persisted kind:city exact match
PASS  rehydration gated on field text === verified label (edited/cleared text never rehydrates)
PASS  with a surviving resolution, candidate must round-trip resolveCitySelection to the SAME city and region
PASS  without it (URL round-trip drops locationMatch), only an EXACT unique catalog-label match restores
PASS  ambiguous (0 or 2+) candidates rehydrate nothing
PASS  setCitySelected uses functional prev ?? candidate update
PASS  onSearch still blocks when citySelected is null (validation itself unchanged)
PASS  onChangeText still clears citySelected on every keystroke (stale pick never reused)

All city-rehydration checks passed.
verify-cleanup-anomaly-gate: the retention gate must never deadlock, and must never
  delete anything the source has not proven gone.
  ✓ a catastrophic 20,000-row eligible spike is SEEN and refused
  ✓   …and it deletes NOTHING
  ✓   …the gate reports the true magnitude, not a cap-saturated number — eligible_total=20000
  ✓ a missing exact count refuses to run rather than reading 0
  ✓   …and it deletes NOTHING
  ✓   …and the error names the unmeasured population
  ✓ the real backlog (488 eligible, floor 1000) is NOT an anomaly — it proceeds
  ✓   …the gate judged the TRUE unclamped population, not cap+1 — eligible_total=488
  ✓   …deletion is capped at max_delete_per_run — deleted=300 cap=300
  ✓   …every deletion is written to the audit log first
  ✓ floor == cap no longer deadlocks when the real backlog is under the floor
  ✓ a 200 LIVE page deletes nothing and self-heals the row
  ✓ a 403 / block deletes nothing and is skipped
  ✓ a large FRACTION of the platform going eligible aborts even under the floor
  ✓   …and the abort names the mass-inactivation guard
  ✓   …and it deletes NOTHING
  ✓ an open scraper_failure_step_change alert freezes deletion before measuring candidates
  ✓   …eligible_total is never even measured — eligible_total=0
  ✓   …the abort names the degraded platform
  ✓ a healthy platform (no matching alert) proceeds normally
  ✓ dry-run classifies but deletes nothing
  ✓   …and still reports what it would delete
  ✓ the unclamped count feeds the gate (count="exact")
  ✓ an absent count raises instead of defaulting to 0
  ✓ the cap-saturating `max_delete_per_run + 1` measurement never returns
  ✓ the work-set SELECT is capped by max_delete_per_run
  ✓ require_source_recheck is still honoured
  ✓ the platform-health precondition function still exists
  ✓ the health check runs before eligible_total is ever measured

✓ verify-cleanup-anomaly-gate: all checks passed.
PASS  HOME_DEFAULT_QUERY() is exactly {Buy, empty location, Residential, no type/detail, annual rent}
PASS  emptyQuery() itself stays Rent-default (the agent/chat base, unaffected by the Home screen override)
PASS  hasActiveFilters(HOME_DEFAULT_QUERY()) is false — a fresh screen never shows Clear All
PASS  hasActiveFilters flags a stale rentPeriod even when every other field is at default (THE reported regression)
PASS  hasActiveFilters does NOT flag rentPeriod when it is undefined (agent-created queries that never touched it) — matches index.tsx's own `query.rentPeriod ?? 'annual'` convention
PASS  hasActiveFilters detects a lone change to 'location'
PASS  hasActiveFilters detects a lone change to 'deal'
PASS  hasActiveFilters detects a lone change to 'category'
PASS  hasActiveFilters detects a lone change to 'typeGroups'
PASS  hasActiveFilters detects a lone change to 'type'
PASS  hasActiveFilters detects a lone change to 'types'
PASS  hasActiveFilters detects a lone change to 'detail'
PASS  hasActiveFilters detects a lone change to 'contextBeds'
PASS  hasActiveFilters detects a lone change to 'contextBedsList'
PASS  hasActiveFilters detects a lone change to 'contextSize'
PASS  hasActiveFilters detects a lone change to 'areaMin'
PASS  hasActiveFilters detects a lone change to 'areaMax'
PASS  hasActiveFilters detects a lone change to 'priceInput'
PASS  hasActiveFilters detects a lone change to 'priceBand'
PASS  hasActiveFilters detects a lone change to 'priceMin'
PASS  hasActiveFilters detects a lone change to 'priceMax'
PASS  hasActiveFilters detects a lone change to 'rentPeriod'
PASS  a heavily-filled query trips hasActiveFilters (sanity check before testing the reset)
PASS  after a full-replace reset, hasActiveFilters is false again — no field survives
PASS  after a full-replace reset, the query is byte-for-byte the same default every time (idempotent)

✓ all clear-all-reset assertions passed

Combined شراء+إيجار budget restatement — both halves stated, each labelled

PASS  A: buy 500,000 + rent 50,000 → two labelled bullets, rent never dropped
PASS  B: rent-only budget → the rent cap is stated (was: no budget line at all)
PASS  buy-only budget in combined mode is labelled as the BUY budget, never bare
PASS  full من/إلى ranges on both halves render verbatim, no math
PASS  min-only halves say «من», never an invented ceiling
PASS  no budget at all → no bullet (nothing invented)
PASS  empty / zero / non-numeric boxes send no cap → no bullet
PASS  bubble separator variant keeps both labelled halves
PASS  figures are echoed exactly, Western digits, never rounded
PASS  filterToChat() — the green user bubble: body located
PASS  filterToChat() — the green user bubble: routes the combined case through combinedBudgetParts()
PASS  filterToChat() — the green user bubble: guards on q.dealCombined
PASS  filterToChat() — the green user bubble: still has the single-deal branch that emits the bare budget phrase
PASS  filterToChat() — the green user bubble: the q.dealCombined guard comes BEFORE the bare budget phrase
PASS  budgetLines() — the «ملخص البحث» budget bullets: body located
PASS  budgetLines() — the «ملخص البحث» budget bullets: routes the combined case through combinedBudgetParts()
PASS  budgetLines() — the «ملخص البحث» budget bullets: guards on q.dealCombined
PASS  budgetLines() — the «ملخص البحث» budget bullets: still has the single-deal branch that emits the bare budget phrase
PASS  budgetLines() — the «ملخص البحث» budget bullets: the q.dealCombined guard comes BEFORE the bare budget phrase
PASS  budgetLines() returns early for dealCombined (the bare `Budget:` line stays unreachable)
PASS  filterToChat() puts the shared range branch behind `else if`
PASS  i18n AR['Buy budget'] === «ميزانية الشراء»
PASS  «ميزانية الشراء» is the label on the Filter budget box itself (form and summary can't drift)
PASS  the summary passes t('Buy budget') to combinedBudgetParts
PASS  this barrier's executed expectation uses the same AR wording
PASS  i18n AR['Rent budget (yearly basis)'] === «ميزانية الإيجار (سنوياً)»
PASS  «ميزانية الإيجار (سنوياً)» is the label on the Filter budget box itself (form and summary can't drift)
PASS  the summary passes t('Rent budget (yearly basis)') to combinedBudgetParts
PASS  this barrier's executed expectation uses the same AR wording
PASS  i18n has the bubble carrier ' with {a}' and joiner ' and '

✓ combined شراء+إيجار states BOTH budgets, each labelled — all assertions passed
PASS  remote.ts exports IMPLIED_CATEGORY_DEFAULT ('Residential', as const)
PASS  impliedCategory() itself uses the shared constant (no second literal)
PASS  index.tsx imports it from remote.ts
PASS  effCategory = query.category ?? IMPLIED_CATEGORY_DEFAULT (the one derivation)
PASS  index.tsx never re-duplicates the literal ('Residential' appears in no pool wiring)
PASS  ensureCityFieldIndex: every call passes effCategory (4 scoped, 0 unscoped)
PASS  topCitiesByListings: every call passes effCategory (6 scoped, 0 unscoped)
PASS  matchCitiesByText: every call passes effCategory (5 scoped, 0 unscoped)
PASS  ensureDistrictOptions: every call passes effCategory (3 scoped, 0 unscoped)
PASS  topDistrictsForCityId: every call passes effCategory (6 scoped, 0 unscoped)
PASS  matchDistrictsByCityId: every call passes effCategory (4 scoped, 0 unscoped)
PASS  city pool cache key includes category
PASS  district cache key includes category (pre-existing, pinned)
PASS  top_cities_by_deal_ar receives named p_category
PASS  compat fallback retries without p_category on RPC error (TODO pins the pending migration)
PASS  district_options_ar keeps its p_category (pre-existing, pinned)
PASS  Top-6 slice reads the (now correctly scoped) pool counts directly
PASS  zero-mark reads the same rows (live full-filter count still wins when present)

✓ all count-scope-parity assertions passed
data-integrity-contract: §0 must keep granting completion, and keep its limits

  ✓ §0 standing operating contract is present
  ✓ §0 names this routine by trigger id, so it cannot be re-attached to a different engineer
  ✓ §0 keeps: "find → prove → root cause → fix → repair affected da…"
  ✓ §0 keeps: "do not send the final report while safely fixable ez…"
  ✓ §0 keeps: "0 known safely fixable ezhalah-side issues remaining…"
  ✓ §0.1 (what §0 does not waive) is present
  ✓ §0.1 still holds: the rule that stops the score becoming a reason to cut a corner
  ✓ §0.1 still holds: the source-is-truth floor
  ✓ §0.1 still holds: the kill-cap / collapse-guard / coverage-floor floor
  ✓ §0.1 still holds: the owner-approval categories in AGENT_AUTHORITY.md
  ✓ §0.3 pins the one BEFORE → AFTER report
  ✓ genuine source limitations stay reported separately, not scored away
  ✓ ENGINEER_ROUTINES.md is still owner-locked at an explicit routine count (no silent duplicate engineers)
  ✓ ENGINEER_ROUTINES.md still lists this engineer as routine #3
  ✓ AGENTS.md still routes agents to the spec
  ✓ AGENTS.md surfaces the §0 contract, not just the spec file
  ✓ npm test runs this guard

✅ data-integrity-contract: passed.

The Buy/Rent pair: silent when one deal is selected, calm helper when both are

PASS  the helper string exists and is gated on dealCombined ONLY
PASS  the retired price-cleared WARNING is gone from the deal selector
PASS  the state that drove it is gone too (no dead flag left behind)
PASS  the helper is NOT styled as a warning
PASS  the Arabic helper copy is present
PASS  …it explains the separate budgets
PASS  …it is one short sentence
PASS  …it uses no error/warning vocabulary
PASS  the price-basis clearing logic is unchanged (still clears when the basis flips)

✓ silent on a single deal, calm helper on both, clearing logic intact

PASS  exact: normEn equates the form and the official name ("Al Hajlah Dist.")
PASS  exact: article-prefix variants still exact ("AL-AGHAR" == "Al Aghar Dist.")
PASS  variance: Al Ju'ranah ↔ Jaranah Dist. (مكة)
PASS  variance: Al-dHRAFAH ↔ Al Dhurfah Dist. (خميس)
PASS  variance: ALOMARAH + almaamorah both ↔ Al Mamurah Dist.
PASS  variance: al-waffa ↔ Al Wafa Dist.
PASS  city-scope: Talah Dist. matches in KAEC (3666) but NOT in مكة (6)
PASS  city-scope: Al Hajlah Dist. does not leak into خميس مشيط (62)
PASS  duplicate-name: shkar rows in city 62 collapse to ONE distinct Arabic (حي شكر)
PASS  duplicate-name: two DISTINCT districts sharing a skeleton in one city → rejected (null)
PASS  ambiguous: gate returns null rather than picking between candidates
PASS  junk: "PLAN 6" rejected
PASS  junk: "Subdivision Plan B" rejected
PASS  junk: "industrial zone" rejected
PASS  junk: "Najran University" rejected
PASS  junk: "Atood plan" rejected
PASS  idempotency: migration conflicts on (district_en, district_ar) with DO NOTHING
PASS  idempotency: migration never overwrites (no DO UPDATE / UPDATE statements)
PASS  idempotency: migration carries exactly the 49 approved pairs

✓ all dealapp-bridge assertions passed (exact, variance, city-scope, duplicates, ambiguity, junk, idempotency)
verify-dealapp-crawl-budget: the dealapp cap must fit its CI timeout, and a killed
  run must not be able to go unnoticed.
  ✓ dealapp does NOT also run in small-sources-sync.yml (no duplicate crawl of the same catalogue)
  ✓ sharded workflow declares an explicit timeout-minutes
  ✓ the crawl command passes an explicit --shards count
  ✓ the matrix enumerates the shard list
  ✓ the workflow sets an explicit per-shard DEALAPP_MAX_LISTINGS cap
  ✓ the workflow pins DEALAPP_WORKERS (throughput is only meaningful at a known worker count)
  ✓ the matrix runs every shard exactly once (0..11) — a missing shard is a silent coverage hole
  ✓ dealapp runs at the measured worker count (WORKERS=3; throughput was measured at 3 — re-measure before raising it)
    8386 active / 12 shards = 699 rows/shard @ 8.3/min = 84.2m + 13m overhead = 97.2m against a 120m budget (headroom 22.8m, need ≥15m)
  ✓ a shard re-confirms its full active slice inside the 120m budget with ≥15m headroom — raise the shard COUNT (or throughput), never the timeout alone
  ✓ the per-shard cap (1200) exceeds the shard's active slice (699)
  ✓ projected run time is under the GitHub Actions 360m job ceiling
  ✓ a migration defines mon_detect_dangling_scrape_run()
  ✓ a migration defines mon_run_all_detectors()
  ✓ 20260815234309_roster_full_explicit_after_wasalt_annualisation_detector.sql: roster still lists all 21 live detectors

✓ verify-dealapp-crawl-budget: all checks passed.

1) the canonical-identity migration is committed
  ok    deploy_lock_canonical() defined in 20260810131511_deploy_lock_single_canonical_identity.sql

2) alias coverage + defence in depth
  ok    SQL uses the '^prod' prefix rule (catches unforeseen prod* names)
  ok    non-prod* alias 'prd' is mapped
  ok    non-prod* alias 'live' is mapped
  ok    non-prod* alias 'deploy' is mapped
  ok    present: the BEFORE trigger that normalises direct writes
  ok    present: the CHECK constraint that fails closed if the trigger is dropped
  ok    present: the live exclusivity self-test
  ok    present: the production monitor for alias use / rejected writers

3) canonicalisation behaviour
  ok    'production' → production
  ok    'prod' → production
  ok    'PROD' → production
  ok    'Prod' → production
  ok    'prd' → production
  ok    'prod-db' → production
  ok    'PROD_DB' → production
  ok    'proddb' → production
  ok    'prod-change' → production
  ok    'PROD-CHANGE' → production
  ok    'prod_change' → production
  ok    'production-deploy' → production
  ok    'live' → production
  ok    'deploy' → production
  ok    'deployment' → production
  ok    ' production ' → production
  ok    'gathern_liveness_apply' keeps its own identity
  ok    'aqar_backfill' keeps its own identity
  ok    casing alone cannot fork a non-production lock

4) repo callers use a canonical identity
  ok    scripts/deploy-lock.sh: LOCK_NAME='production'
  ok    scrapers/gathern/liveness.py: LOCK_NAME='gathern_liveness_apply'

5) no alias literal in any acquire/release call, anywhere in the repo
  ok    no alias literals across 1410 scanned files

✓ the production deploy lock has exactly one identity.

deploy-target-guard: production-target lock regression test
  ✓ canonical ezhalah-app link → ALLOWED
  ✓ wrong projectId (right name) → REFUSED
  ✓ wrong projectName (right id) → REFUSED
  ✓ both id and name wrong → REFUSED
  ✓ missing .vercel/project.json → REFUSED
  ✓ garbage (non-JSON) link file → REFUSED
  ✓ empty link file → REFUSED
  ✓ alias serves the exact just-deployed bundle → OK
  ✓ alias still serving the OLD bundle → REFUSED (alias did not move)
  ✓ alias unreadable / empty response → REFUSED (never assume success)
  ✓ deployed bundle unknown / empty → REFUSED (cannot prove the match)
  ✓ safe-deploy.sh sources the shared guard library
  ✓ safe-deploy.sh gates the link via dtg_link_is_canonical
  ✓ safe-deploy.sh gates alias propagation via dtg_alias_serves
  ✓ preflight-verify.sh sources the shared guard library
  ✓ preflight-verify.sh gates the link via dtg_link_is_canonical
  ✓ no re-inlined require("./.vercel/project.json") link check in safe-deploy.sh
  ✓ no re-inlined require("./.vercel/project.json") link check in preflight-verify.sh
  ✓ library pins projectId = prj_CLp9BxNzT4RmWL9Is1KjHoQlSAlX
  ✓ library pins projectName = ezhalah-app
  ✓ library pins canonical URL = https://ezhalah-app.vercel.app

✓ deploy-target-guard: all checks passed — ezhalah-app is the only allowed deploy target, and a deploy cannot be reported successful unless the canonical alias serves the exact build.
deploy-workflow-guard: the autonomous deploy path must keep every safety property
  ✓ trigger: workflow_dispatch present
  ✓ trigger: no push: (stays a deliberate act)
  ✓ trigger: no pull_request: (stays a deliberate act)
  ✓ trigger: no schedule: (stays a deliberate act)
  ✓ trigger: no repository_dispatch: (stays a deliberate act)
  ✓ deploy step runs scripts/safe-deploy.sh
  ✓ checkout pinned to main
  ✓ full history fetched (preflight ancestry checks resolvable)
  ✓ project link derived from scripts/deploy-target-guard.sh (single source of truth)
  ✓ no hardcoded project id (cannot drift from the guard)
  ✓ uses secrets.VERCEL_TOKEN
  ✓ passes the service-role key so the deploy lock is acquired
  ✓ confirmation gate requires the literal DEPLOY input
  ✓ dry_run skips the DEPLOY step (never the safety checks)
  ✓ dry_run is explicitly compared to the string "true" in the confirmation gate
  ✓ target guard still pins project name ezhalah-app
  ✓ target guard still pins https://ezhalah-app.vercel.app
  ✓ deploy entrypoints discovered: 1
  ✓ .github/workflows/deploy-frontend.yml: dispatch-only
  ✓ .github/workflows/deploy-frontend.yml: checks out main
  ✓ .github/workflows/deploy-frontend.yml: requires the literal DEPLOY confirmation
  ✓ .github/workflows/deploy-frontend.yml: no hardcoded project id
  ✓ deploy step captures safe-deploy output to a log
  ✓ pipefail set so tee cannot mask a deploy failure
  ✓ report distinguishes the "NOTHING WAS DEPLOYED" outcome
  ✓ report distinguishes the "DEPLOY SUCCEEDED" outcome
  ✓ report distinguishes the "POST-DEPLOY VERIFICATION FAILED" outcome
  ✓ any "production is untouched" claim is gated on log evidence, not job.status

✓ deploy-workflow-guard: passed.
PASS  no body zoom rule survives in the web shell (owner 2026-08-14: "keep it normal")
PASS  no transform:scale substitute snuck in
PASS  no font-size percentage inflation substitute
PASS  the viewport meta stays standard initial-scale=1
PASS  the revert is documented in place, so the next "too small" report finds the history

✓ desktop-ui-scale barrier: 1:1 confirmed
detector-roster-edits-are-guarded: the barrier list must survive the next migration

  ✓ scanned 681 migrations
  ✓ no migration replaces mon_run_all_detectors with a hand-written body
  ✓ grandfather list matches the tree (25 historical full rewrites)
  ✓ 20260810222259_restore_roster_detectors_dropped_by_stale_rebuild.sql is present
  ✓ the repair edits the LIVE body via pg_get_functiondef instead of pasting a new one
  ✓ all 9 restored detectors are still pinned by the repair
  ✓ the roster still reports standing open alerts, not only newly-raised ones
  ✓ npm test runs this guard

✅ detector-roster-edits-are-guarded: passed.

A district row may only ever show a number it can stand behind

PASS  districtNarrowingSig exists
PASS  districtNarrowingSig includes query.priceMin
PASS  districtNarrowingSig includes query.priceMax
PASS  districtNarrowingSig includes query.priceMinRent
PASS  districtNarrowingSig includes query.priceMaxRent
PASS  districtNarrowingSig includes query.areaMin
PASS  districtNarrowingSig includes query.areaMax
PASS  districtNarrowingSig includes query.detail
PASS  the typed district list declares its own render cap
PASS  the district live-count fetch uses the named DISTRICT_COUNT_FETCH_MAX bound
PASS  the fetch bound (30) covers everything the list renders (30)
PASS  the trending district row prints NOTHING when narrowing is active and no live count exists
PASS  the typed district row applies the same rule
PASS  district counts still come from the results RPC itself
PASS  …carrying the normal narrowing
PASS  …and the advanced answers
PASS  …and, in combined mode, the Rent-side budget params

✓ district counts are filter-aware, cover every rendered row, and never fall back to a wider number

PASS  District TextInput is editable ONLY when a city is selected
PASS  District field is visually disabled until a city is chosen
PASS  District field never focuses without a city (guarded onPress)
PASS  a single clearDistrict() helper exists
PASS  clearDistrict called on ≥4 city-mutation sites
PASS  city-select (via citySelected) warms THIS city’s districts by city_id, Category+Deal+period-scoped (effCategory since count-scope parity 2026-08-14)
PASS  district selection is an array (districtsSelected)
PASS  clearDistrict wipes the whole selection array
PASS  one toggleDistrict helper keyed by districtAr (add/remove, no duplicates)
PASS  Trending rows and typed rows share ONE selection state (selectedLabels from districtsSelected)
PASS  typed suggestion rows highlight when picked
PASS  selected districts render as removable chips (✕ per district)
PASS  multi-select helper text is shown and translated («تقدر تختار أكثر من حي»)
PASS  confirm pop replays on each added district
PASS  onSearch sends the deduped UNION of matchValues (district A OR B OR C)
PASS  District is OPTIONAL — undefined when nothing picked (city-only search stays valid)
PASS  district options come from the district_options_ar RPC, Category+Deal-scoped
PASS  RPC result carries match_values (twin-safe recall)
PASS  Top-6 = districts with active listings only (listingCount > 0)
PASS  autocomplete searches the COMPLETE cached catalog for the city
PASS  empty focus shows the Category+Deal+period-scoped Top-6 via topDistrictsForCityId
PASS  typing filters within the chosen city+scope via matchDistrictsByCityId (cohort-typed)
PASS  English district input shows the Arabic-only hint and clears suggestions
PASS  district dropdown no longer displays the listing count
PASS  every district row renders its name unconditionally (zero-listing districts still selectable)
PASS  live counts come from the RESULTS RPC (fetchDistrictEligibleCounts exists, p_limit:1)
PASS  per-option match_values OVERRIDE the base q districts (spread order)
PASS  marking prefers the live full-filter-state count over the scope count
PASS  counts use the CURRENT filter state — signature covers query.type
PASS  counts use the CURRENT filter state — signature covers query.typeGroups
PASS  counts use the CURRENT filter state — signature covers query.types
PASS  counts use the CURRENT filter state — signature covers query.detail
PASS  counts use the CURRENT filter state — signature covers query.priceMin
PASS  counts use the CURRENT filter state — signature covers query.priceMax
PASS  counts use the CURRENT filter state — signature covers query.priceMinRent
PASS  counts use the CURRENT filter state — signature covers query.priceMaxRent
PASS  counts use the CURRENT filter state — signature covers query.areaMin
PASS  counts use the CURRENT filter state — signature covers query.areaMax
PASS  narrowing signature ALSO covers the advanced answers (AF-only narrowing must refetch + invalidate)
PASS  changing any relevant filter INVALIDATES the previous counts before refetch (no stale numbers)
PASS  a live-count response is dropped if a newer request superseded it (race guard)
PASS  onSearch and the count effect share ONE query builder (no state drift between count and search)
PASS  trending rows show the Arabic zero message under narrowing (never a silent dead-end)
PASS  trending rows display the LIVE count, and NEVER the wider scope count while narrowing is active
PASS  the zero-listing message is translated and its Arabic contains no Latin letters
PASS  empty district rows are marked with a "no listings here" note
PASS  the "No listings here right now" string is translated to Arabic
PASS  onSearch carries the summed listingCount of all picked districts
PASS  SearchQuery carries districtListingCount
PASS  0-results diagnosis uses the real district count, not the empty pool

✓ all district-field assertions passed

A حي spelled differently is still the same حي

PASS  every one of the 20 production حي spelling pairs now matches
PASS  MUTATION: the pre-fix comparison missed all 20 (so this corpus really is the regression)
PASS  folding never merges two genuinely different أحياء
PASS  listingInDistricts folds Arabic before comparing
PASS  it reuses normalizeArabic rather than reimplementing the fold
PASS  BOTH sides of the comparison are folded (stored AND wanted)
PASS  normalizeArabic still folds the three variants this depends on

✓ a حي the user picked is found whatever way its listings spell it

PASS  district rehydration effect exists (districtsRehydrated guard ref)
PASS  rehydration reads the same canonical catalog the field picks from (ensureDistrictOptions)
PASS  candidates matched on matchValues against the persisted query.districts (no fuzzy matching)
PASS  restored union must have the SAME SIZE as query.districts
PASS  every persisted matchValue must be present in the restored union (no partial restore)
PASS  guarded to run at most once per mount (districtsRehydrated.current short-circuit)
PASS  in-flight catalog promise is cancelled on city change (stale pick cannot land in a new city)
PASS  effect re-runs on city/deal/category/period change
PASS  setDistrictsSelected uses a functional prev-wins update
PASS  a district already picked in this mount short-circuits before any fetch
PASS  onSearch still builds p_districts from districtsSelected matchValues
PASS  onSearch persists the picked districts into the app context (the rehydration source)
PASS  the districts are persisted BEFORE navigating (same object that reaches the URL)

✓ district rehydration is pinned — reopening «تصفية» can no longer silently widen a حي search
PASS  onSearch exists
PASS  onSearch ends by navigating to the results
PASS  onSearch blocks on typed-but-unconfirmed district text (districtText.trim() guard)
PASS  the guard RETURNS instead of falling through to the search
PASS  the guard runs BEFORE the query is built and navigated
PASS  the guard shows the user a message (setDistrictMsg)
PASS  the guard brings the district field into view and focuses it
PASS  the message is rendered under the district field (districtMsg is on screen)
PASS  DISTRICT_UNCONFIRMED_MSG is defined in src/i18n.tsx
PASS  the message is Arabic (product language)
PASS  the message tells the user to pick the district from the list
PASS  the message tells the user the other way out — clear the text, search the whole city
PASS  src/app/index.tsx imports the message from i18n (no duplicated literal)
PASS  typing again clears the message (onChangeText resets districtMsg)
PASS  the ✕ that clears the typed text also clears the message and the block
PASS  tapping a suggestion clears the typed text (so the guard cannot block a confirmed pick)
PASS  clearDistrict wipes text + picks + message together
PASS  the search still sends ONLY tapped catalog picks (districtsSelected → matchValues union)
PASS  districtText is never sent as a search value

✓ a typed-but-untapped حي can no longer be dropped in silence — «بحث» stops and says so

Duplex source-truth — a published دوبلكس must stay دوبلكس

PASS  shared normalizer maps دوبلكس → Duplex
PASS  shared normalizer maps the دوبليكس spelling too
PASS  RAW_TO_CLEAN keeps 'Duplex' → 'Duplex' (never Villa)
PASS  Duplex is an offered type in the Villas & Houses group
PASS  Duplex carries its Arabic label دوبلكس
PASS  no scraper folds a bare duplex token into another type

✓ Duplex survives ingestion: shared map standard, first-class clean type, zero folds

── BUG 2 — monthly rent must be annualized, never stored raw ──
PASS  _price("2700", rent) → annualized ×12
PASS  _price("580", buy) → thousands ×1000 untouched by this fix
PASS  _price("1350000", buy) → already full SAR, untouched
PASS  _price("0", rent) → null, no fabricated price

── BUG 3 — "price on request" text must null the price, not the raw digit ──
PASS  _price("150", rent) alone would fabricate 1800/yr
PASS  _price("150000", rent) alone would fabricate 150000/yr
PASS  _price_on_request detects id 7917 phrasing
PASS  _price_on_request detects id 8092 phrasing
PASS  _price_on_request detects id 7327 phrasing (already-null parity case)
PASS  _price_on_request does NOT false-positive on a normal description

✓ all eaqartabuk price-fidelity assertions passed (BUG 2 + BUG 3)
PASS  city 'Riyadh' (seen leaking in production) now resolves to real Arabic, not null/English
PASS  city 'Jeddah' (seen leaking in production) now resolves to real Arabic, not null/English
PASS  city 'Shaqra' (seen leaking in production) now resolves to real Arabic, not null/English
PASS  city 'Tabuk' (seen leaking in production) now resolves to real Arabic, not null/English
PASS  city 'Al Majardah' (seen leaking in production) now resolves to real Arabic, not null/English
PASS  city 'Khobar' (seen leaking in production) now resolves to real Arabic, not null/English
PASS  city 'Medina' (seen leaking in production) now resolves to real Arabic, not null/English
PASS  city 'Dammam' (seen leaking in production) now resolves to real Arabic, not null/English
PASS  city 'Al Bukayriyah' (seen leaking in production) now resolves to real Arabic, not null/English
PASS  typeToArabic('Industrial Land') — the exact reported leak — resolves to real Arabic
PASS  typeToArabic('Apartment') — a type the old switch also covered — still correct
PASS  EN_TO_AR covers a broad, real set of types (found 40, expect >= 30)
PASS  typeToArabic degrades to the Arabic placeholder (not raw English) for a genuinely unmapped type
PASS  fetchPromptIdeas() computes cityAR via cityDisplay(next.city, 'ar')
PASS  fetchPromptIdeas()'s ar template uses cityAR, not the raw next.city (the original leak shape)
PASS  typeToArabic() uses the canonical EN_TO_AR map, not a hand-rolled switch with a raw-text default
PASS  propertyTypes.ts exports EN_TO_AR (not left module-private)

✓ all example-prompts-arabic assertions passed
PASS  Farm and Agriculture Plot are both real clean types
PASS  Farm's query only pulls raw 'Farm' (Agriculture Plot not folded back in)
PASS  Agriculture Plot's query only pulls raw 'Agriculture Plot' (not aliased to Farm)
PASS  EN_TO_AR['Farm'] is مزرعة
PASS  EN_TO_AR['Agriculture Plot'] is أرض زراعية
PASS  normalizeType('Farm') resolves to clean='Farm'
PASS  normalizeType('Agriculture Plot') resolves to clean='Agriculture Plot' (not 'Farm')
PASS  src/data/agent.ts AR_TYPE still maps 'أرض زراعية' -> 'Agriculture Plot'
PASS  src/data/agent.ts AR_TYPE still maps 'مزرعة' -> 'Farm'
PASS  supabase/functions/agent/index.ts COMMERCIAL_TYPES still lists 'Agriculture Plot'
PASS  supabase/functions/agent/index.ts SYNONYMS still distinguish Agriculture Plot from Farm

✓ all Farm/Agriculture Plot classification assertions passed
PASS  a committed migration establishes public.ops_filter_autoapply_rule
PASS  the detector that consumes the mirror is committed too
PASS  the detector is wired into the mon_run_all_detectors roster
PASS  client site still present: نوع=غرفة (Room) shows «1 غرفة نوم»
PASS  NOT mirrored (display-only, never reaches the query): نوع=غرفة (Room) shows «1 غرفة نوم»
  (0 rule(s) currently active in the mirror)

All filter auto-apply mirror checks passed.
PASS  the Run type carries an origin + a real AbortController
PASS  sendFilter is the ONLY call site that tags a run 'filter'
PASS  every OTHER makeRun() call site is untagged (defaults to 'chat') — chat/refine turns never claim 'filter'
PASS  stop() reads run.origin captured before runRef is cleared
PASS  the filter branch is reached BEFORE the generic "I've stopped the search" bubble
PASS  the filter branch returns (never falls through to the chat-stop message)
PASS  1. cancels the active run for real: run.cancelled + run.ac.abort() before the branch runs
PASS  2. returns to the Filter page via router.replace('/')
PASS  2b. that is the SAME navigation «تصفية» itself uses — one Home path, not a second one invented here
PASS  3. never re-navigates with a filter/seed param attached (no restored search re-executes)
PASS  3b. does not overwrite query context on the way out (nothing here calls setQuery)
PASS  3c. clears lastFilterRef/lastSeedRef so an identical resubmitted filter is not silently swallowed
PASS  4/5. never renders partial results or a completion message on this path (no results/agent bubble appended)
PASS  5b. the conversation is erased, not frozen/annotated as a completed turn
PASS  6. never leaves busy=true (no infinite spinner) once this path is taken
PASS  chat-originated Stop keeps the existing stop-in-place message and does NOT navigate
PASS  bounded() accepts an external AbortSignal and forwards it into the SAME controller the timeout uses
PASS  an already-aborted signal aborts immediately, before the network call even starts
PASS  fetchRawByIds checks the signal between chunked requests, not only at the start
PASS  fetchListingsForQuery threads the SAME signal into both the main RPC call and the raw-card fetch
PASS  runQuery accepts a signal and passes it all the way down
PASS  recordHistory/setSearchCount are gated on !signal?.aborted — a cancelled run can NEVER write, even on a late-resolving race
PASS  every live search-triggering runQuery() call in agent.tsx passes run.ac.signal (chat turns get real cancellation too)
PASS  the ONE runQuery call that must NOT pass a signal (history replay — no new run exists) still passes record=false

All filter-stop checks passed
PASS  AR_ENUM has a 'furnishing' key (satel's label)
PASS  AR_ENUM has a 'furniture' key (wasalt/aldarim's legacy label)
PASS  both keys point at ONE shared value map (cannot drift)
PASS  the shared map FURNISH_VALUES_AR is declared
PASS  FURNISH_VALUES_AR body was parsed
PASS  'un-furnished' -> 'غير مفروش'  [live: wasalt 2,461 + aldarim 156]
PASS  'furnished' -> 'مفروش'  [live: wasalt 83]
PASS  'semi-furnished' -> 'نصف مفروش'  [live: wasalt 57]
PASS  'fully furnished' -> 'مفروش بالكامل'  [live: satel]
PASS  'unfurnished' -> 'غير مفروش'  [live: satel]
PASS  'partially furnished' -> 'مفروش جزئياً'  [live: satel]
PASS  FREE_TEXT_PROSE_LABELS was parsed
PASS  leak guard covers 'furnishing'
PASS  leak guard covers 'furniture'
PASS  AR_ENUM lookup precedes the free-text guard in arAttrValue()
PASS  no bare 'Un-Furnished' string literal is returned anywhere in the card

✓ furnishing/furniture enum covers BOTH label spellings and every live value
  ✓ writes gathern_liveness_detail via .insert()
  ✓ probe() status is bound to a variable before classify(), so it can be recorded
  ✓ evidence row carries http_status
  ✓ evidence row carries listing_id
  ✓ evidence row carries verdict
  ✓ evidence row carries missing_count_before
  ✓ evidence row carries missing_count_after
  ✓ evidence row carries applied
  ✓ _flush_detail() helper exists
  ✓ evidence insert is wrapped in try/except (best-effort)
  ✓ _flush_detail() never re-raises
  ✓ _flush_detail() is actually called
  ✓ evidence flush is not gated behind `if args.apply` (dry-runs record too)
  ✓ anomaly cap gate still present
  ✓ kill evidence resolves `applied` from the cap gate's outcome
  ✓ kill evidence is flushed after the cap gate
  ✓ _recheck_dead() resurrection pass exists
  ✓ recheck restores with active=True
  ✓ recheck can never set active=False (non-destructive by construction)
  ✓ recheck restores only on a literal HTTP 200
  ✓ recheck records its own evidence
  ✓ recheck does not consult the kill cap (nothing for it to guard)

✓ verify-gathern-liveness-evidence: 22 checks passed
PASS  gathernClickThroughUrl(GTH212141) returns the stored URL byte-for-byte unchanged
PASS  gathernClickThroughUrl(GTH141609) returns the stored URL unchanged
PASS  gathernClickThroughUrl(GTH210566) returns the stored URL unchanged
PASS  gathernClickThroughUrl(GTH199973) returns the stored URL unchanged
PASS  gathernClickThroughUrl never appends a "?" querystring
PASS  gathernClickThroughUrl output never contains "check_in="
PASS  gathernClickThroughUrl output never contains "check_out="
PASS  gathernClickThroughUrl is a pure identity function (pre-existing query preserved, nothing added)
PASS  openListing.ts routes gathern.co URLs through gathernClickThroughUrl(), not an inline date-appender
PASS  openListing.ts imports gathernClickThroughUrl from @/lib/gathernUrl
PASS  openListing.ts builds no inline check_in=/check_out= querystring (must live only in a tested helper, if ever)

✓ all gathern-price-display assertions passed

Google One Tap — our side of the contract

PASS  logged-out state is resolved via server-validated getUser(), never getSession() alone
PASS  any getUser error counts as signed out (deleted user, revoked token, network)
PASS  getUser is time-bounded and defaults to signed-out on timeout
PASS  auto_select is false so Google actually RENDERS the prompt
PASS  token-exchange failures are recorded, never swallowed
PASS  prompt gate uses ONLY the server-validated answer, never the local-session store user
PASS  the prompt effect depends on signedOut alone, never on the store user
PASS  calls google.accounts.id.initialize()
PASS  calls google.accounts.id.prompt()
PASS  prompt runs at most once per page load (guard ref)
PASS  a timer-based fallback exists (reachable without the moment callback)
PASS  the legacy path is reached exactly twice: no-FedCM browsers, and the timer retry
PASS  browsers without FedCM go straight to the legacy path
PASS  the timer retry is skipped when a moment already arrived or GIS UI is present
PASS  cancel() appears exactly once (the sign-in effect only)
PASS  cancel() fires only on a sign-in TRANSITION, never on a user truthy at mount
PASS  the surviving cancel() is guarded on a signed-in user
PASS  cancel_on_tap_outside is disabled (stray clicks must not start a cooldown)
PASS  suppression reasons are captured (all four moment kinds)
PASS  diagnostics are inspectable in production without a rebuild
PASS  diagnostics record which path ran and whether the fallback fired
PASS  component renders nothing itself (Google owns the UI)
PASS  the suppression decision never branches on the sign-in method

✓ One Tap contract intact: authoritative logged-out gate, reachable fallback, no self-inflicted cooldown, reasons captured

verify-google-onetap:
  ✓ cancel() NOT in main effect cleanup (prevents cooldown)
  ✓ FedCM fallback is reachable without the moment callback (timer-driven)
  ✓ prompt() has notification callback
  ✓ cancel_on_tap_outside: false set
  ✓ once-per-page-load guard prevents double-prompting
  ✓ cancel() only fires on a genuine sign-in transition (separate effect)
  ✓ GIS script URL is correct
  ✓ Uses signInWithIdToken (not redirect)
  ✓ itp_support: true for Safari ITP
  ✓ Component returns null
  ✓ GIS script URL carries a locale-driven hl param (Arabic-first prompt)
  ✓ a failed token exchange opens the normal auth sheet (openAuth) on the `error` path
  ✓ a THROWN exchange also opens the normal auth sheet, not just a returned `error`
  ✓ openAuth is read from the store (useApp), not invented locally

14/14 passed

  mutation proof — each new guard must FAIL on its own defect

  ✓ catches: reverting the GIS url back to a hardcoded, non-localised endpoint
  ✓ catches: the exchange-error branch losing its openAuth() fallback
  ✓ catches: the thrown-exception branch losing its openAuth() fallback

Guided-count RPCs must carry every answered Advanced-Filter question

PASS  rpcAdvancedFilterParams() — the ONE shared definition — exists
PASS  apartment_guided_counts_ar call site found in src/data/remote.ts
PASS      apartment_guided_counts_ar carries p_amenities
PASS      apartment_guided_counts_ar carries p_bath_min
PASS      apartment_guided_counts_ar carries p_furnished
PASS      apartment_guided_counts_ar carries p_street_width_min
PASS      apartment_guided_counts_ar carries p_directions
PASS      apartment_guided_counts_ar carries p_rating_min
PASS      apartment_guided_counts_ar carries p_reviews_min
PASS      apartment_guided_counts_ar carries p_unit_subtypes
PASS  property_age_option_counts_ar call site found in src/data/remote.ts
PASS      property_age_option_counts_ar carries p_amenities
PASS      property_age_option_counts_ar carries p_bath_min
PASS      property_age_option_counts_ar carries p_furnished
PASS      property_age_option_counts_ar carries p_street_width_min
PASS      property_age_option_counts_ar carries p_directions
PASS      property_age_option_counts_ar carries p_rating_min
PASS      property_age_option_counts_ar carries p_reviews_min
PASS      property_age_option_counts_ar carries p_unit_subtypes
PASS  live: the guided-count RPC answered
PASS  live: p_rating_min actually narrows this scope (the check can bite)
PASS  live: cnt_selected(base) == search total(base)
PASS  live: cnt_selected(rating) == search total(rating)
PASS  live: cnt_sub_studio(rating) == search total(rating + استديو)
PASS  live: the استديو option count really is narrowed by the rating answer

✓ verify-guided-counts-carry-monthly-af: all checks passed.
PASS  HistoryItem carries snapshot?: SearchResult
PASS  recordHistory takes the result
PASS  truncated snapshot restarts paging (pageOffset 0 + hasMore) for gap-free live continuation
PASS  runQuery records the result alongside the query
PASS  older entries shed snapshots (storage bound)
PASS  Sidebar passes hid with the replay route
PASS  openStatic accepts the snapshot
PASS  snapshot branch exists and precedes the live runQuery fallback
PASS  snapshot branch returns without searching
PASS  agent looks the snapshot up by hid (openSaved fallback — transcript restore is primary, owner 2026-08-25)

✓ saved chats render their saved results instantly — the re-search flow cannot silently return
PASS  agent-only field "bothDeals" does not survive restore (=undefined)
PASS  agent-only field "priceIsAnnual" does not survive restore (=undefined)
PASS  agent-only field "priceInput" does not survive restore (="")
PASS  agent-only field "priceBand" does not survive restore (=null)
PASS  agent-only field "type" does not survive restore (=null)
PASS  agent-only field "detail" does not survive restore (=null)
PASS  agent-only field "sources" does not survive restore (=undefined)
PASS  agent-only field "keywords" does not survive restore (=undefined)
PASS  agent-only field "proximity" does not survive restore (=undefined)
PASS  agent-only field "sort" does not survive restore (=undefined)
PASS  agent-only field "count" does not survive restore (=undefined)
PASS  agent-only field "amenities" does not survive restore (=undefined)
PASS  agent-only field "bathMin" does not survive restore (=undefined)
PASS  agent-only field "ageMin" does not survive restore (=undefined)
PASS  agent-only field "ageMax" does not survive restore (=undefined)
PASS  agent-only field "isNewConstruction" does not survive restore (=undefined)
PASS  agent-only field "regionPin" does not survive restore (=undefined)
PASS  agent-only field "priceOriginal" does not survive restore (=undefined)
PASS  visible Filter field "deal" survives restore
PASS  visible Filter field "location" survives restore
PASS  visible Filter field "category" survives restore
PASS  visible Filter field "typeGroups" survives restore
PASS  visible Filter field "areaMin" survives restore
PASS  visible Filter field "areaMax" survives restore
PASS  visible Filter field "priceMin" survives restore
PASS  visible Filter field "priceMax" survives restore
PASS  visible Filter field "contextBeds" survives restore
PASS  visible Filter field "rentPeriod" survives restore
PASS  visible Filter field "districtLabel" survives restore
PASS  types survives as the visible multi-select
PASS  districts survives (visible district field)
PASS  restored Buy query searches Buy only (no bothDeals)
PASS  restored Rent query searches Rent only
PASS  sanitize(HOME_DEFAULT_QUERY) has no active filters
PASS  Sidebar restores via sanitizeForFilterRestore (never raw c.query into the store)
PASS  Sidebar chat replay still passes the FULL query to the agent (params, not store)

✓ all history-restore sanitizer assertions passed (strict allowlist; Buy=Buy, Rent=Rent; replay unaffected)
PASS  src/components/InfoModal.tsx declares the dialog geometry as named constants (BODY_PAD/CLOSE_INSET/CLOSE_SIZE/CLOSE_GAP)
PASS  the close button positions itself from CLOSE_INSET/CLOSE_SIZE (no re-hardcoded 14/34)
PASS  the dialog body pads itself from BODY_PAD
PASS  the Support heading (style `h`) reserves physical-right space for the close button (paddingRight)
PASS  the heading uses PHYSICAL paddingRight, not a logical paddingEnd/paddingStart that flips under RTL
PASS  CLOSE_CLEAR is declared and evaluable from the geometry constants
PASS  the heading reserves 56px on the physical right ≥ the button's 48px footprint + 8px gap
PASS  TOP_CLEAR is declared, evaluable, and ≥ the button's vertical band (48px + 8px gap)
PASS  the About mobile body (`bodyPadM`) takes its paddingTop from TOP_CLEAR (no re-hardcoded literal)
PASS  the About desktop hero column (`heroCol`) takes its paddingTop from TOP_CLEAR (no re-hardcoded literal)

✓ info-modal header clearance: the × never paints over the dialog heading
PASS  src/app/agent.tsx: <TextInput> style [input] renders >= 16px on web
PASS  src/app/index.tsx: <TextInput> style [flInput] renders >= 16px on web
PASS  src/app/index.tsx: <TextInput> style [flInput] renders >= 16px on web
PASS  src/app/index.tsx: <TextInput> style [rangeInput] renders >= 16px on web
PASS  src/app/index.tsx: <TextInput> style [rangeInput] renders >= 16px on web
PASS  src/app/index.tsx: <TextInput> style [rangeInput] renders >= 16px on web
PASS  src/app/index.tsx: <TextInput> style [rangeInput] renders >= 16px on web
PASS  src/app/index.tsx: <TextInput> style [rangeInput] renders >= 16px on web
PASS  src/app/index.tsx: <TextInput> style [rangeInput] renders >= 16px on web
PASS  src/app/index.tsx: <TextInput> style [sizeInput] renders >= 16px on web
PASS  src/app/interview.tsx: <TextInput> style [customInput] renders >= 16px on web
PASS  src/components/AccountMenu.tsx: <TextInput> style [input] renders >= 16px on web
PASS  src/components/AccountMenu.tsx: <TextInput> style [phInput] renders >= 16px on web
PASS  src/components/AccountMenu.tsx: <TextInput> style [otpHidden] renders >= 16px on web
PASS  src/components/AuthModal.tsx: <TextInput> style [phoneInput] renders >= 16px on web
PASS  src/components/AuthModal.tsx: <TextInput> style [otpHidden] renders >= 16px on web
PASS  src/components/Sidebar.tsx: <TextInput> style [searchInput] renders >= 16px on web
PASS  src/components/Sidebar.tsx: <TextInput> style [histLabel, histInput] renders >= 16px on web
PASS  found every TextInput in src/ (18 inputs scanned)
PASS  +html.tsx: viewport meta found
PASS  +html.tsx: pinch-zoom is NOT disabled (no maximum-scale / user-scalable=no)
PASS  src/app/index.tsx:1863 sizeInput — flex:1 + 16px web font also pins minWidth: 0
PASS  src/app/index.tsx:1870 rangeInput — flex:1 + 16px web font also pins minWidth: 0
PASS  src/app/interview.tsx:596 customInput — flex:1 + 16px web font also pins minWidth: 0
PASS  src/components/AccountMenu.tsx:687 phInput — flex:1 + 16px web font also pins minWidth: 0
PASS  src/components/AuthModal.tsx:722 phoneInput — flex:1 + 16px web font also pins minWidth: 0
PASS  src/components/Sidebar.tsx:988 searchInput — flex:1 + 16px web font also pins minWidth: 0

✓ no input can trip the iOS Safari focus-zoom trap (18 inputs, all >= 16px on web)

PASS  no live CATEGORY_TYPES reference in src/data/taxonomy.ts
PASS  no live CATEGORY_TYPES reference in src/app/interview.tsx
PASS  no live CATEGORY_TYPES reference in src/data/agent.ts
PASS  interview imports groupsFor + groupMembers + isCleanType from propertyTypes
PASS  interview asks group from groupsFor(category) then type from groupMembers(group)
PASS  interview only forwards CLEAN types into the query (custom junk broadens, never dead-ends)
PASS  interview size applicability uses canonical detailFor/detailForContext
PASS  مزرعة (Farm) + أرض زراعية (Agriculture Plot) live under Residential «Vacation & Rural»
PASS  Farm/Agriculture Plot appear in NO Commercial group
PASS  dead type "Building" is not offerable in any group
PASS  dead type "Kiosk" is not offerable in any group
PASS  dead type "Cinema" is not offerable in any group
PASS  "Studio" is offerable (was missing from the stale list)
PASS  "Duplex" is offerable (was missing from the stale list)
PASS  "Residential Building" is offerable (was missing from the stale list)
PASS  every offerable type/box resolves to a strict query (no guaranteed-zero paths)
PASS  bedrooms NOT applicable to Residential Land (canonical detailFor)
PASS  bedrooms NOT applicable to Warehouse (canonical detailFor)
PASS  bedrooms NOT applicable to Factory (canonical detailFor)
PASS  bedrooms NOT applicable to Workshop (canonical detailFor)
PASS  bedrooms NOT applicable to Commercial Land (canonical detailFor)
PASS  bedrooms NOT applicable to Industrial Land (canonical detailFor)
PASS  bedrooms NOT applicable to Agriculture Plot (canonical detailFor)
PASS  bedrooms applicable to Apartment
PASS  bedrooms applicable to Villa
PASS  bedrooms applicable to Duplex
PASS  bedrooms applicable to Floor
PASS  Studio/Room are fixed single-bedroom
PASS  refine flow gates the bedrooms question on detailFor/detailForContext applicability
PASS  agent ALL_TYPES derives from CLEAN_MACRO
PASS  agent synonyms: studio→Studio, duplex→Duplex (not Apartment/Floor)
PASS  agent no longer maps tower/block to the dead Building type

✓ all interview-hierarchy assertions passed (one source of truth; no dead types; no misfiled farm; canonical applicability)

Intro greeting + rotating examples contract (owner brief 2026-08-23)

PASS  1a. greeting is the owner FINAL copy, byte-exact, in greetingText()
PASS  1b. greeting renders through the existing typed-greeting path with testID intro-greeting
PASS  2. visibility predicate = greeting-only chat ∧ untouched ∧ empty ∧ mic idle ∧ not busy
PASS  2b. the rotator renders ONLY behind that predicate, inside the input wrapper
PASS  5. results/conversations can never show examples (non-greeting roles break the predicate's every())
PASS  3. first click/tap into the composer AND first typed character latch introInteracted
PASS  4. IntroExampleRotator never touches typed/msgs/send — render-only overlay
PASS  6a. startVoice latches introInteracted before the voice morph takes over
PASS  6b. recording also hides examples independently (voiceState === 'idle' in the predicate) and the voice morph is untouched
PASS  7. Filter screen (src/app/index.tsx) has zero references to the rotator/examples
PASS  8a. composer order preserved: input → rotator overlay (inside inputGrow) → mic → send; mic untouched
PASS  8b. overlay is absolute inside the CLIPPED input wrapper (inputGrow overflow hidden) with one-line ellipsis — overflow = 0 by construction
PASS  9a. every shipped example is Arabic-only (no Latin letters)
PASS  9b. the greeting is Arabic-only
PASS  9c. the placeholder swap keeps the Arabic static placeholder for the interacted state, and the a11y label has an Arabic dictionary entry
PASS  10. reduced motion → one static example, no repeating animation, no transition
PASS  11a. rotator is aria-hidden + importantForAccessibility none + pointerEvents none
PASS  11b. the composer input carries the stable Arabic accessibility label
PASS  12a. every INTRO_EXAMPLES entry appears VERBATIM in the PROVEN table of docs/ops/INTRO_EXAMPLES_PROOF.md
PASS  12b. the pool is genuinely diverse in size (≥ 20 examples) with no duplicates
PASS  12c. no three consecutive examples share the same property-type dimension
PASS  12d. no shipped example re-promises a capability the truth test rejected (age/furnished/baths/duplex/pool/street-width/ranges)
PASS  13a. width filter: full pool on wide screens (order preserved), only fitting examples on narrow, empty pre-layout
PASS  13b. hold time is readable and clamped to the owner window (~2.6–4s)
PASS  MUT M1 predicate without !introInteracted → check 2 fails
PASS  MUT M2 onChangeText without the latch → check 3 fails
PASS  MUT M3 startVoice without the latch → check 6a fails
PASS  MUT M4 rotator that writes user text → check 4 fails
PASS  MUT M5 rotator without aria-hidden → check 11a fails
PASS  MUT M6 an unproven example added to the pool → check 12a fails
PASS  MUT M7 greeting copy altered by one character → check 1a fails
PASS  MUT M8 reduced-motion gate removed → check 10 fails
PASS  W. verify-intro-rotator-contract.ts is wired into `npm test`

intro-rotator contract: all checks passed
journey-seam-contracts: #6 and #7 must keep granting completion, keep their limits narrow,
                        and keep the 2026-08-28 additions that make each run honest

  ✓ #6 👣 Journey & Persistence: §0 mandate section is present
  ✓ #6 👣 Journey & Persistence: §0 keeps "Your job is not to only test. Your job is to fix."
  ✓ #6 👣 Journey & Persistence: §0 keeps the full end-to-end chain
  ✓ #6 👣 Journey & Persistence: §0 still forbids the find-and-hand-off behaviour explicitly
  ✓ #6 👣 Journey & Persistence: §0 still defers to AGENT_AUTHORITY.md over more-timid wording
  ✓ #7 🧵 Systems Seam: §0 mandate section is present
  ✓ #7 🧵 Systems Seam: §0 keeps "Your job is not to only test. Your job is to fix."
  ✓ #7 🧵 Systems Seam: §0 keeps the full end-to-end chain
  ✓ #7 🧵 Systems Seam: §0 still forbids the find-and-hand-off behaviour explicitly
  ✓ #7 🧵 Systems Seam: §0 still defers to AGENT_AUTHORITY.md over more-timid wording
  ✓ #6 👣 Journey & Persistence: the stop-condition list is present (no unlimited authority)
  ✓ #6 👣 Journey & Persistence: exactly FOUR stop conditions, as both specs' PART 6 claims
  ✓ #6 👣 Journey & Persistence: PART 6 still binds "four" to the enumerated list
  ✓ #6 👣 Journey & Persistence: the stop conditions carry no open-ended "ask whenever unsure" escape hatch
  ✓ #7 🧵 Systems Seam: the stop-condition list is present (no unlimited authority)
  ✓ #7 🧵 Systems Seam: exactly FOUR stop conditions, as both specs' PART 6 claims
  ✓ #7 🧵 Systems Seam: PART 6 still binds "four" to the enumerated list
  ✓ #7 🧵 Systems Seam: the stop conditions carry no open-ended "ask whenever unsure" escape hatch
  ✓ #6 👣 Journey & Persistence: PART 6 (fix, don't just report) survives
  ✓ #6 👣 Journey & Persistence: PART 7 (deploy + production verification) survives
  ✓ #6 👣 Journey & Persistence: PART 7 still routes merges through the merge gate
  ✓ #7 🧵 Systems Seam: PART 6 (fix, don't just report) survives
  ✓ #7 🧵 Systems Seam: PART 7 (deploy + production verification) survives
  ✓ #7 🧵 Systems Seam: PART 7 still routes merges through the merge gate
  ✓ #6: PART 7 still demands the failing journey be re-run against PRODUCTION after deploy
  ✓ #7: PART 7 still demands independent downstream verification, not self-reported success
  ✓ #6: PART 9 (harness defect vs. real product bug) is present
  ✓ #6 PART 9.1 keeps: "Reproduced at least twice, independently…"
  ✓ #6 PART 9.1 keeps: "The pane/tab was FOREGROUNDED…"
  ✓ #6 PART 9.1 keeps: "The same served bundle was checked somewhere els…"
  ✓ #6 PART 9.1 keeps: "If the identical bundle behaves correctly elsewh…"
  ✓ #6 PART 9.1 keeps: "Real clicks, not dispatched synthetic events…"
  ✓ #6 PART 9.1 keeps: "The discriminating evidence is written into the …"
  ✓ #6 PART 9.1 forbids dismissing a reproducible failure as "flake" without positive proof
  ✓ #6 PART 9 still states that "flake" is a conclusion requiring evidence
  ✓ #6 PART 9.4: a self-introduced harness defect is the engineer's own bug, not noise
  ✓ #6 PART 9.2 keeps the computed-styles trap (judge from screenshots, not getComputedStyle)
  ✓ #6 PART 9.2 keeps the rAF-suspension trap
  ✓ #6 PART 9.2 keeps the inverse of the rAF trap (it is also a real production risk)
  ✓ #6 PART 9.2 keeps the live-production-counts trap
  ✓ #6: PART 10 (real-device honesty) is present
  ✓ #6 PART 10 keeps: "Headless WebKit/Safari coverage is NEVER proof o…"
  ✓ #6 PART 10 keeps: "Never report a real-device surface as verified o…"
  ✓ #6 PART 10 keeps: "Every iOS/Safari-specific finding carries an exp…"
  ✓ #6 PART 10 keeps: "not verified on a physical device…"
  ✓ #6 PART 10 keeps: "state it as a KNOWN COVERAGE LIMIT and do not sc…"
  ✓ #6 PART 10 keeps: "Reporting an unreachable surface as healthy is a…"
  ✓ #6 PART 10 keeps the three-fix voice-input evidence (#1040, #1051, #1053)
  ✓ #6: PART 11 (harness, timing/load constants, reproducibility) is present
  ✓ #6 PART 11 keeps: "Do NOT run playwright install…"
  ✓ #6 PART 11 keeps: "A bare sleep is never a correctness oracle…"
  ✓ #6 PART 11 keeps: "A fixed timeout is a last resort…"
  ✓ #6 PART 11 keeps: "A finding needs N ≥ 2 independent reproductions …"
  ✓ #6 PART 11 keeps: "NOT ESTABLISHED — do not cite a number for these…"
  ✓ #6 PART 11 still cites #4's measured constants rather than re-deriving them
  ✓ #7 PART 1 keeps: "An alert row existing is not a human being told…"
  ✓ #7 PART 1 keeps: "Configured is not delivered…"
  ✓ #7 PART 1 keeps: "An acknowledged or resolved alert must actually clea…"
  ✓ #7 PART 1 keeps: "A value set in Vercel or Supabase config is not a va…"
  ✓ #7 PART 1 keeps the mon_raise dedup mechanism that makes a stuck-open alert dangerous
  ✓ #7 PART 1 distinguishes acknowledged_at from resolved_at
  ✓ #7 PART 1 names the log that proves delivery, rather than trusting dispatched_at
  ✓ #7 PART 1 records that the served-bundle env assertion is advisory, not a gate
  ✓ #7: the orphaned-guarantee registry names its durable home
  ✓ #7: coverage is stated as permanent, with re-introducing a window explicitly forbidden
  ✓ #7: oldest-first rotation is what replaced the window
  ✓ #7: PART 1 orphaned-guarantee bullet is still locatable (its anchors survive)
  ✓ #7: PART 1 orphaned-guarantee bullet scopes to NO rolling time window (nothing ages out)
  ✓ #7: PART 3 orphaned-guarantee sweep is still locatable (its anchors survive)
  ✓ #7: PART 3 orphaned-guarantee sweep scopes to NO rolling time window (nothing ages out)
  ✓ #7: every repair anyone lands must be registered, other routines' included
  ✓ #7: "important repair" has an actionable definition, not a judgment call
  ✓ #7: the registry stays tied to the merge-time half of the same rule
  ✓ ENGINEER_ROUTINES.md is still owner-locked at an explicit routine count
  ✓ ENGINEER_ROUTINES.md still lists routines #6 and #7 by name
  ✓ ENGINEER_ROUTINES.md #7 entry agrees with the spec: named registry, oldest-first rotation
  ✓ ENGINEER_ROUTINES.md: the #7 orphaned-guarantee paragraph is still locatable
  ✓ ENGINEER_ROUTINES.md: the #7 summary scopes to NO rolling time window either
  ✓ ENGINEER_ROUTINES.md routes agents to docs/ops/JOURNEY_PERSISTENCE_ENGINEER.md
  ✓ ENGINEER_ROUTINES.md routes agents to docs/ops/SYSTEMS_SEAM_ENGINEER.md
  ✓ AGENTS.md routes agents to the routines roster (and through it, to both specs)
  ✓ npm test runs this guard

✅ journey-seam-contracts: passed (82 checks).
PASS  buildIndex() groups by normalized key before deciding a winner
PASS  buildIndex() drops a key when its group spans 2+ distinct cities
PASS  the old bare first-match-wins line is gone
PASS  real repro: "Salam Park" (Riyadh + Abha) is DROPPED, never silently resolved to one
PASS  same-city duplicate rows for the same alias are still kept (not ambiguous)
PASS  distinct aliases with no collision are both kept
PASS  applySourceFilter branches on edgePlatforms !== undefined
PASS  the online branch does NOT also regex-scan userText
PASS  the offline-fallback branch (no edge decision) still regex-scans userText
PASS  real repro: incidental "جاذرين" mention + edge already decided platforms:[] -> sources stays empty
PASS  edge correctly restricting to Gathern still works, and forces Rent+monthly
PASS  offline fallback path (no edge decision at all) still regex-detects the bare mention (unchanged behavior)

✓ landmark alias-collision fix + platform-mention double-application fix verified
PASS  missing priceInput → filled with ""
PASS  missing location → filled with ""
PASS  legacy typeGroup still migrates alongside the fill
PASS  the crashing expression `q.priceInput.match(/\d/g)` now executes
PASS  the sibling `q.location.trim()` now executes
PASS  entry with no query object at all → still readable
PASS  sanitizeForFilterRestore accepts the legacy shape without crashing
PASS  no invented rentPeriod on a payload that lacks it
PASS  no invented category on a payload that lacks it
PASS  no invented deal on a payload that lacks it
PASS  no invented type on a payload that lacks it
PASS  no invented detail on a payload that lacks it
PASS  no invented priceBand on a payload that lacks it
PASS  present location survives untouched
PASS  present priceInput survives untouched
PASS  store.tsx history hydration maps every entry through migrateGroups
PASS  agent.tsx ?filter= parse still routes through migrateGroups

✅ legacy saved-query defaults hold — no crash-on-read shape survives.
✓ live-canon-sync: live known_type_ar == repo seed (51 labels, incl. the «غير معروف» sentinel)

1) resolver vs an Actions environment with unset secrets
  ok    empty-string secrets still yield a usable key
  ok    empty-string secrets still yield a usable url (https://aannarbkwcymrotzwdbo.supabase.co)
  ok    a completely empty environment still resolves

2) explicit environment overrides the committed fallback
  ok    env wins over the fallback
  ok    EXPO_PUBLIC_SUPABASE_KEY (deploy-preflight name) is honoured

3) the committed key is anon, not service_role
  ok    committed key carries role=anon

4) every workflow-scheduled live check can obtain an endpoint without a secret
  ok    discovered 6 workflow-scheduled live check(s): verify-af-live-truth.ts, verify-af-agent-cta-live.ts, verify-count-rpc-parity-live.ts, verify-district-suggestion-parity-live.ts, verify-platform-diversity-live.ts, verify-recency-fallback-live.ts
  ok    §4a discovery still matches real live check verify-af-live-truth.ts
  ok    §4a discovery still matches real live check verify-count-rpc-parity-live.ts
  ok    §4a discovery still matches real live check verify-district-suggestion-parity-live.ts
  ok    §4a discovery still matches real live check verify-platform-diversity-live.ts
  ok    §4a discovery still matches real live check verify-recency-fallback-live.ts
  ok    §4a discovery still matches real live check live-check.ts
  ok    §4a discovery correctly ignores verify-alert-delivery-coverage.ts
  ok    §4a discovery correctly ignores verify-deliverable-report.ts
  ok    §4a discovery correctly ignores verify-oblivest.ts
  ok    verify-af-agent-cta-live.ts resolves its endpoint without depending on a repo secret
  ok    verify-af-live-truth.ts resolves its endpoint without depending on a repo secret
  ok    verify-count-rpc-parity-live.ts resolves its endpoint without depending on a repo secret
  ok    verify-district-suggestion-parity-live.ts resolves its endpoint without depending on a repo secret
  ok    verify-platform-diversity-live.ts resolves its endpoint without depending on a repo secret
  ok    verify-recency-fallback-live.ts resolves its endpoint without depending on a repo secret

✓ every scheduled live barrier can actually run.


The live browser sweep must keep the coverage the owner specified

PASS  journey «normalFilter» is implemented
PASS  journey «normalFilter» is actually run by the runner
PASS  journey «trendingCity» is implemented
PASS  journey «trendingCity» is actually run by the runner
PASS  journey «trendingDistrict» is implemented
PASS  journey «trendingDistrict» is actually run by the runner
PASS  journey «advancedFilter» is implemented
PASS  journey «advancedFilter» is actually run by the runner
PASS  journey «zeroResult» is implemented
PASS  journey «zeroResult» is actually run by the runner
PASS  journey «cardClickBack» is implemented
PASS  journey «cardClickBack» is actually run by the runner
PASS  journey «tabHistory» is implemented
PASS  journey «tabHistory» is actually run by the runner
PASS  journey «typedDistrict» is implemented
PASS  journey «typedDistrict» is actually run by the runner
PASS  journey «clearAll» is implemented
PASS  journey «clearAll» is actually run by the runner
PASS  journey «showMoreJourney» is implemented
PASS  journey «showMoreJourney» is imported by the runner
PASS  journey «showMoreJourney» is actually run by the runner
PASS  the «عرض المزيد» journey asserts filter persistence across batches
PASS  the «عرض المزيد» journey asserts the cap message states the true total
PASS  floor nonRiyadhCities >= 3
PASS  floor mobileJourneys >= 1
PASS  floor afJourneys >= 1
PASS  floor trendingCityJourneys >= 1
PASS  floor trendingDistrictJourneys >= 1
PASS  floor buyRentJourneys >= 1
PASS  floor monthlyJourneys >= 1
PASS  floor zeroResultJourneys >= 1
PASS  floor cardClickBackJourneys >= 1
PASS  floor showMoreJourneys >= 1
PASS  the runner ENFORCES the floors (a short run fails, it does not just warn)
PASS  watch «exact-city-never-rescoped» is still declared
PASS  watch «monthly-af-counts-update» is still declared
PASS  watch «true-total-never-page-cap» is still declared
PASS  watch «buyrent-summary-both-budgets» is still declared
PASS  watch «unknown-period-stays-unknown» is still declared
PASS  watch «no-html-entities-rendered» is still declared
PASS  watch «typed-district-not-dropped» is still declared
PASS  watch «clarification-answer-commits» is still declared
PASS  watch «tab-switch-no-junk-history» is still declared
PASS  watch results are written back to the ledger
PASS  exact-city-never-rescoped is asserted on EVERY journey (INTENT→UI)
PASS  true-total-never-page-cap is asserted against the 1,500 page limit
PASS  no-html-entities-rendered is asserted from the RENDERED text
PASS  the UI-state parse is the pure module the offline barrier can prove
PASS  the sweep can fail on INTENT→UI
PASS  the sweep can fail on UI→REQUEST
PASS  the sweep can fail on RPC→DB
PASS  the sweep can fail on RPC→RENDERED
PASS  DB truth comes from PostgREST filter operators, not the app's own SQL
PASS  the RPC layer replays the app's OWN captured request body
PASS  the sweep declares ONE shared settle predicate (not a copy per journey)
PASS  every journey waits on that shared predicate
PASS  the product actually publishes terminal phrasings to check against
PASS  the settle predicate recognises EVERY result/zero state src/i18n.tsx can render
PASS  MUTATION: the old predicate is rejected (it could not see «ما لقيت …»)
PASS  the rotation pairs a city only with a deal it actually stocks
PASS  deal availability is read from the live index, never hardcoded
PASS  the floors themselves were NOT lowered to make the run pass
PASS  only a journey that actually RAN is written to the coverage ledger
PASS  floor backstops target a city proven reachable this run
PASS  the MOBILE floor has a backstop of its own
PASS  the trending-district journey also uses a reachable city
PASS  the city option is POLLED for, not sampled once after a flat sleep
PASS  a city pick is confirmed by the field having COMMITTED, not by the click
PASS  the sweep runs on a schedule
PASS  the scheduled target is production
PASS  it runs the runner, not a subset
PASS  it uses the anon key only (never the service role)
PASS  rotation is driven by the coverage ledger, not a hardcoded city list
PASS  the city pool is discovered LIVE (a hardcoded list would go stale)

✓ the live sweep still covers everything it promises, and still fails on a real mismatch


The live sweep's independent DB oracle: expressed, not faked, still independent

PASS  a district + region + two-arm + category request is COMPARABLE
PASS  الحي is expressed as an exact served-label match
PASS  المنطقة is expressed as a plain region_id predicate
PASS  the second (commercial) scope arm is expressed, not dropped
PASS  the two scope arms are ORed, each ANDing its own tables with its own types
PASS  the category gate lists the macro's own types
PASS  a Commercial type is NOT admitted under a Residential search
PASS  macro=both types are admitted only via the source-table suffix
PASS  a Commercial search switches the suffix and the admitted types
PASS  MUTATION: districts across TWO cities are refused, not approximated
PASS  MUTATION: no taxonomy ⇒ refuse the category scope rather than guess
PASS  a price-filtered request is now COMPARABLE (was refused before 2026-08-24)
PASS  a Buy budget is judged against price_total and excludes priceless rows
PASS  MUTATION: price 0 is UNSET, not a real bound
PASS  a MONTHLY budget is converted ×12 onto the annual column
PASS  MUTATION: an ANNUAL budget is NOT multiplied
PASS  Buy+Rent = Buy ∪ Rent, each side judged by its OWN budget and column
PASS  MUTATION: in combined mode a side with NO budget stays unconstrained (not excluded)
PASS  an area bound requires a known area (unknown excluded once set)
PASS  MUTATION: area 0 is UNSET, not a real bound
PASS  bedrooms exact and minimum are ORed, matching the product
PASS  MUTATION: street width 0 is a REAL bound, not unset
PASS  MUTATION: property age 0 is a REAL bound, not unset
PASS  age UNKNOWN is expressed in both directions
PASS  new-construction=false keeps rows with an unknown age (not silently dropped)
PASS  rating/reviews minimums require the value to exist
PASS  p_directions is still honestly refused (would need the RPC's own normaliser)
PASS  p_platforms is still honestly refused (would need the RPC's own normaliser)
PASS  known amenity tokens map to their boolean columns and are ANDed
PASS  the ac token maps to air_conditioner, not a column named ac
PASS  rnpl and rent_now_pay_later both map to rent_now_pay_later
PASS  MUTATION: an UNKNOWN amenity token refuses the comparison, never guesses
PASS  AF questions are discovered from the page, not a hardcoded title list
PASS  the oracle does not call the RPC's district normaliser
PASS  the taxonomy is FETCHED, never hardcoded in the harness (§1)
PASS  the ID set is compared, not only the count
PASS  the ID-set comparison is bounded by the RPC page cap
PASS  a set larger than one page is recorded as skipped, not as a pass
PASS  duplicates are detected from an ARRAY, so repeats cannot be silently de-duped
PASS  the oracle resolves a حي label to the spelling actually served
PASS  «حي X» and «X» are treated as candidate spellings of one حي
PASS  the «حي» prefix is stripped in either orthography (ي and ى)
PASS  a حي label is never mangled beyond the prefix
PASS  an unresolvable حي makes the oracle REFUSE the layer, not report a mismatch
PASS  a RESOLVED حي still flows into the district filter, so the layer keeps comparing
PASS  MUTATION: exact-label-only resolution is rejected
PASS  the run report PRINTS how many journeys skipped the DB-truth layer
PASS  the run report prints how many ID-set comparisons actually happened
PASS  the skip REASON is surfaced, not just a count

All checks passed.

PASS  the real production page yields NO الحي (the summary has no district line)
PASS  المدينة comes from the summary, exactly as the app rendered it
PASS  نوع العقار / نوع العملية / الإقليم are read from the summary
PASS  the headline is still read from the whole document
PASS  summaryFound is true when the app rendered a summary
PASS  a GENUINE «• الحي: …» summary line is still read (the watch is not silenced)
PASS  a genuine summary still yields its city
PASS  no «ملخص البحث» on screen → every summary field is null
PASS  summaryFound reports the absence rather than hiding it
PASS  MUTATION: the old parse DOES read the ad copy as a district (so the fix is load-bearing)
PASS  MUTATION: the old parse also mis-reads a page with no summary at all
PASS  a mid-line «• الحي:» inside a bullet is part of that bullet's VALUE, never a field

✓ the UI-state oracle reads the app's own summary, and only that
verify-liveness-confirm-budget-fair
  ✓ cap respected & demand met for available=[1689,22] cap=1500 — granted=[1478,22] total=1500 expected=1500
  ✓ cap respected & demand met for available=[5000,22] cap=1500 — granted=[1478,22] total=1500 expected=1500
  ✓ cap respected & demand met for available=[0,22] cap=1500 — granted=[0,22] total=22 expected=22
  ✓ cap respected & demand met for available=[10,5] cap=1500 — granted=[10,5] total=15 expected=15
  ✓ cap respected & demand met for available=[1500,1500] cap=1500 — granted=[750,750] total=1500 expected=1500
  ✓ cap respected & demand met for available=[3,0] cap=1500 — granted=[3,0] total=3 expected=3
  ✓ cap respected & demand met for available=[0,0] cap=1500 — granted=[0,0] total=0 expected=0
  ✓ cap respected & demand met for available=[100,100] cap=0 — granted=[0,0] total=0 expected=0
  ✓ cap respected & demand met for available=[7,9,11] cap=10 — granted=[4,3,3] total=10 expected=10
  ✓ production 2026-08-14 shape: commercial is NOT starved — commercial granted 22 of 22 struck rows (old code granted 0)
  ✓ production 2026-08-14 shape: budget still exactly the cap — granted [1478,22]
  ✓ a table demanding many times the cap still cannot starve the other — granted [1478,22]
  ✓ run_enum_strike() builds its cohort through plan_confirm_budget() — cohort must be budgeted by the planner, not by a running remainder
  ✓ the starving "need = confirm_limit - len(cohort)" loop is gone
  ✓ --confirm-limit default is unchanged at 1500 (this fix must not raise the cap)
  ✓ safety guard coverage_ok still present
  ✓ safety guard control_ok still present
  ✓ safety guard --grace still present
✅ PASS
liveness-kill-cap-denominator: a destructive cap must know its own denominator

  ✓ found the kill-cap resolution block
  ✓ the cap denominator is not read with head=True
  ✓ a missing count is not silently coerced to 0
  ✓ an unreadable denominator fails closed instead of falling back to the floor
  ✓ run notes record whether the cap was computed or overridden
  ✓ resolve_kill_cap still has the documented max(floor, pct) shape
  ✓ resolve_kill_cap(29335) = 586 (2% of gathern's active inventory), not the 150 floor
  ✓ resolve_kill_cap(0) still returns the 150 floor (which is why a 0 denominator must be an error)
  ✓ npm test runs this guard

✅ liveness-kill-cap-denominator: passed.
PASS  the age expression-index migration is still in the history
PASS  it indexes the exact expression the v2 age arm filters on
PASS  it is DATA-DRIVEN over the catalog, not a hardcoded table list
PASS  it is idempotent (IF NOT EXISTS), so re-running is safe
PASS  it only indexes live rows (partial index on active)
PASS  it records WHY, with the measured before/after
PASS  it does NOT raise or remove the statement timeout
PASS  it does NOT alter the refresh procedure or the view

✓ loc_rel age expression indexes are protected (jobid 22 timeout fix intact)
verify-loc-rel-tick-single-statement-cron: loc_rel_refresh_tick must be the sole
  top-level statement of any cron command that invokes it (its body COMMITs).
  ✓ 20260807130000_fix_loc_rel_refresh_tick_transaction_control.sql: command is the sole statement (found: "call public.loc_rel_refresh_tick()")
  ✓ 20260812115022_revert_jobid22_single_statement_cron_command.sql: command is the sole statement (found: "CALL public.loc_rel_refresh_tick();")
  ✓ at least one cron command mentioning loc_rel_refresh_tick was found and checked
  ✓ a CREATE OR REPLACE PROCEDURE loc_rel_refresh_tick migration exists
  ✓ 20260828161955_loc_rel_tick_comment_no_longer_claims_a_600s_override_that_was_reverted.sql: procedure body sets its own statement_timeout via SET LOCAL

✓ verify-loc-rel-tick-single-statement-cron: all checks passed.
PASS  safe-pr-merge.ts does not shell out to the gh CLI (cloud sessions have no gh)
PASS  safe-pr-merge.ts reaches GitHub through the shared transport module
PASS  the transport speaks HTTP directly rather than requiring a CLI
PASS  gh, if used at all, is only a CREDENTIAL source and never the transport
PASS  safe-pr-merge.ts re-execs with NODE_USE_ENV_PROXY so a proxied session is not silently 401
PASS  getRequiredContexts reports UNREADABLE instead of returning an empty list
PASS  no catch-block in the transport silently yields an empty required-context list
PASS  decideMerge refuses unless the required-check contract was explicitly read
PASS  the transport throws (not defaults) when no credential is available
PASS  mergePr pins the verified head SHA so GitHub rejects a merge if the head moved
PASS  safe-pr-merge.ts passes the SHA it verified into the merge call
PASS  no merge path outside the sanctioned gate (found: none)
PASS  verify-merge-gate.ts is wired into npm test
PASS  verify-merge-gate-transport.ts is wired into npm test

  mutation proof — each guard must FAIL on its own defect

  PASS  catches: a gate that goes back to shelling out to gh
  PASS  catches: a transport that swallows a protection-read failure into an empty list
  PASS  catches: a merge call that stops pinning the verified SHA
  PASS  catches: a second merge path added elsewhere in the tree
  PASS  catches: an entrypoint that drops the proxy re-exec (gate would 401 on every PR in a cloud session)
  PASS  catches: a run set that stops running the transport barrier

✓ the merge gate is runnable in every session type, fails closed, and is the only merge path


Merge gate — every required check must be exactly SUCCESS before merge

PASS  all required checks SUCCESS + clean state → ALLOWED
PASS  a required check reporting CANCELLED → BLOCKED
PASS  a required check reporting FAILURE → BLOCKED
PASS  a required check reporting TIMED_OUT → BLOCKED
PASS  a required check reporting SKIPPED → BLOCKED
PASS  a required check reporting NEUTRAL → BLOCKED
PASS  a required check reporting ACTION_REQUIRED → BLOCKED
PASS  a required check reporting STALE → BLOCKED
PASS  a required check reporting STARTUP_FAILURE → BLOCKED
PASS  a required check still PENDING (null conclusion) → BLOCKED
PASS  a required context with NO reported result at all → BLOCKED
PASS  a stale SUCCESS next to a fresh CANCELLED for the same context → BLOCKED
PASS  BEHIND base → BLOCKED even with all checks green
PASS  CONFLICTING mergeable state → BLOCKED
PASS  UNKNOWN mergeable state → BLOCKED
PASS  BLOCKED mergeStateStatus → BLOCKED
PASS  CLEAN + MERGEABLE with all green → ALLOWED (the only fully-green path)
PASS  file list unchanged since recorded → ALLOWED
PASS  file list unchanged, different ORDER → still ALLOWED (order-insensitive)
PASS  an EXTRA file appeared since it was recorded → BLOCKED
PASS  a file DISAPPEARED since it was recorded → BLOCKED
PASS  no expectation recorded → file-list check is skipped, not a false block
PASS  lowercase "success" (REST API shape) normalises to SUCCESS
PASS  lowercase "cancelled" normalises and still blocks
PASS  empty required-context list still enforces mergeable/mergeStateStatus
PASS  empty required-context list + clean mergeable state → ALLOWED (nothing left to check)
PASS  required contract UNREADABLE → BLOCKED even when everything else is green
PASS  required contract field ABSENT entirely → BLOCKED (fails closed by default)
PASS  required contract read and legitimately EMPTY → still ALLOWED (known ≠ unreadable)
PASS  a NON-required check that FAILED still blocks the merge
PASS  a NON-required check still PENDING still blocks the merge

  mutation proof — each guard must FAIL on its own defect

  PASS  catches: a gate that accepts ANY non-null conclusion (not specifically SUCCESS) would wrongly allow CANCELLED
  PASS  catches: a gate that ignores mergeStateStatus entirely would wrongly allow BEHIND
  PASS  catches: a gate that treats an ABSENT required context as "not my problem" would wrongly allow it
  PASS  catches: a gate that lets a stale SUCCESS mask a fresh CANCELLED for the same context
  PASS  catches: a gate that skips the file-list check even when an expectation WAS recorded
  PASS  catches: a gate that fails case-sensitively on REST-shaped lowercase conclusions
  PASS  catches: a gate that treats an UNREADABLE required-check contract as "nothing required" would wrongly allow
  PASS  catches: a gate that inspects ONLY required contexts would wrongly allow a FAILING optional check

✓ the merge gate requires explicit SUCCESS on every required check, every time

migration-drift-guard-wired: the continuous drift barrier must stay actually connected

  ✓ scripts/verify-migration-drift-vs-production.ts exists
  ✓ scripts/build-repo-migration-versions.cjs exists
  ✓ .github/workflows/migration-drift-guard.yml exists
  ✓ npm test runs THIS structural check
  ✓ npm test deliberately does NOT run the live production check
  ✓ migration-drift-guard.yml has a */N-minute cron schedule
  ✓ schedule runs at most every 15 minutes (owner asked for "immediately")
  ✓ migration-drift-guard.yml supports manual dispatch
  ✓ migration-drift-guard.yml actually invokes the check script
  ✓ migration-drift-guard.yml passes the service-role key through
  ✓ safe-deploy.sh sources the shared migration-versions parser
  ✓ verify-migration-drift-vs-production.ts sources the shared migration-versions parser
  ✓ the continuous checker does not re-inline its own migrations-dir scan
  ✓ shared parser finds 1311 migration identifiers (sanity floor: >100)
  ✓ scripts/lib/migrationDrift.ts exists
  ✓ scripts/verify-migration-mirror-integrity.ts exists
  ✓ migrationDrift.ts exports findCommittedNotApplied
  ✓ migrationDrift.ts exports findDuplicateMigrationVersions
  ✓ migrationDrift.ts exports driftIsClean
  ✓ the strict-era baseline is pinned
  ✓ the live checker uses findCommittedNotApplied
  ✓ the live checker uses findDuplicateMigrationVersions
  ✓ the live checker uses driftIsClean
  ✓ the live checker uses applied_ids
  ✓ the live checker lists files through the shared parser
  ✓ npm test runs the offline mirror-integrity test

✅ migration-drift-guard-wired: passed.
PASS  #3 two files sharing a version are flagged
PASS  #3 the collision lists BOTH files
PASS  #3 unique versions → no duplicates
PASS  #3 a PRE-baseline 14-digit collision is grandfathered
PASS  #3 repeated 8-digit date prefixes are not collisions
PASS  #2 a file whose VERSION is live is not flagged
PASS  #2 a file whose NAME is live is not flagged (version-or-name, like missing_in_git)
PASS  #2 a file applied nowhere (past baseline) IS flagged
PASS  #2 a pre-baseline legacy file is grandfathered
PASS  #2 a non-14-digit-versioned file is ignored
PASS  #2 the baseline is the strict-era cutoff
PASS  clean report (all four empty) → driftIsClean true
PASS  missing_in_git non-empty → not clean
PASS  missing_in_prod non-empty → not clean
PASS  duplicate_versions non-empty → not clean
PASS  duplicate_overloads non-empty → not clean
PASS  repo has 0 duplicate migration versions
PASS  MUTATION PROOF: the buggy verdict WOULD pass a committed-not-applied drift (barrier detects it)
PASS  MUTATION PROOF: the real verdict CATCHES it (barrier is meaningful)

✓ migration-mirror-integrity: all assertions passed

The quoted total is the match total, never the 1500-row page limit

PASS  3,897 matches with a 1,500-row page → quotes 3,897, NEVER 1,500
PASS  trueTotal 1 → quotes 1
PASS  trueTotal 25 → quotes 25
PASS  trueTotal 26 → quotes 26
PASS  trueTotal 100 → quotes 100
PASS  trueTotal 1499 → quotes 1499
PASS  trueTotal 1500 → quotes 1500
PASS  trueTotal 1501 → quotes 1501
PASS  trueTotal 1501 → never quotes the page limit 1500 or the buffer length
PASS  trueTotal 3897 → quotes 3897
PASS  trueTotal 3897 → never quotes the page limit 1500 or the buffer length
PASS  trueTotal 10618 → quotes 10618
PASS  trueTotal 10618 → never quotes the page limit 1500 or the buffer length
PASS  trueTotal 10639 → quotes 10639
PASS  trueTotal 10639 → never quotes the page limit 1500 or the buffer length
PASS  trueTotal 30399 → quotes 30399
PASS  trueTotal 30399 → never quotes the page limit 1500 or the buffer length
PASS  zero matches → null (the caller has its own no-results copy)
PASS  client-only narrowing → null: the RPC count overstates what is reachable
PASS  agent-annualized budget (priceIsAnnual nulls the RPC price bound) → null
PASS  a plain server-side filter IS quotable (the gate is not "always null")
PASS  no matchTotal (a restored/legacy result) → the loaded length, never a fabricated number
PASS  src/data/search.ts exports quotableTotal(SearchResult)
PASS  it prefers matchTotal (the RPC count) over the page buffer
PASS  it never returns r.total (the page-capped count)
PASS  it suppresses the count under client-only narrowing
PASS  it suppresses the count for an agent-annualized budget
PASS  it returns null (not 0, not a cap) when there is nothing honest to say
PASS  runRefine reports the honest total to the mining overlay (onFetched)
PASS  agent.tsx never reads the page-capped `result.total` for a displayed count
PASS  the results headline quotes the SAME helper as the overlay
PASS  MiningTransition states only the count it is handed (no local fallback to invent one)
PASS  MUTATION: quoting result.total returns the page limit and is caught here

✓ one total, quoted everywhere: the RPC match count — never the 1500-row page limit


Mixed-period (كلاهما) Advanced Filter gating — intersection-only, never union

PASS  EXECUTED — 'both' refuses an Annual-only question (rnpl) and a Monthly-only one (rating)
PASS  EXECUTED — non-vacuous: a question certified for BOTH periods IS still offered on both-mode
PASS  cohortAllows has an explicit 'both' branch requiring membership in BOTH RentAnnual and RentMonthly
PASS  the 'both' intersection check runs BEFORE the plain-Annual fallback (order matters)
PASS  the OLD ternary that aliased 'both' to RentAnnual is gone
PASS  EXECUTED — Buy routes independently of rentPeriod
PASS  EXECUTED — plain Monthly uses RentMonthly ALONE (rating allowed), not the intersection
PASS  EXECUTED — plain Annual uses RentAnnual ALONE (rnpl allowed)
PASS  Apartment RentMonthly config includes rating (Monthly-only signal, unchanged by this fix)
PASS  Apartment RentAnnual config includes rnpl (Annual-only signal, unchanged by this fix)
PASS  Apartment RentAnnual and RentMonthly share amenities+bathrooms (the actual both-mode surface)
PASS  AGE_QUESTION's eligibility gate (isAgeFilterScope) excludes Monthly AND both, not just Monthly

✓ mixed-period AF gating intact: intersection-only, no period-specific leak in either direction

PASS  1a. the composer has NO autoFocus (keyboard must not open on load)
PASS  1b. the input is never programmatically focused (no inputRef.current.focus())
PASS  2a. mobile keyboard height is read from window.visualViewport (not hardcoded)
PASS  2b. it listens to BOTH resize and scroll on the visual viewport (keyboard animates smoothly)
PASS  2c. the keyboard inset is derived from innerHeight - vv.height (the uncovered slice)
PASS  2d. the KeyboardAvoidingView is lifted by kbInset on web (composer sits ABOVE the keyboard)
PASS  3a. found the composer input style
PASS  3b. the input font is >= 16px on web (mobile Safari/Chrome zoom under 16 and never zoom back)
PASS  3c. the input scrolls internally once it hits its max height (overflowY on web)
PASS  4. blurOnSubmit is false on web so the keyboard stays open between messages

✓ the mobile-web chat composer keeps every ChatGPT-style keyboard guarantee

PASS  A. Filter home → AI agent (src/app/index.tsx) toggles with router.replace('/agent')
PASS  A. AI agent → Filter home (src/app/agent.tsx) toggles with router.replace('/')
PASS  B. the two halves of the pill use the SAME navigation verb (symmetry is the invariant)
PASS  C. «بحث» (Search) still creates a history entry, so Back from results returns to the form

✓ the Filter ⇄ AI mode pill replaces in both directions — toggling costs no history and stacks no duplicate screens


ModeSwitch — the indicator follows `active`, every time the control is on screen

PASS  A1. after «المساعد الذكي» → browser Back, the indicator is on «تصفية» (the screen you are on)
PASS  A2. the settle re-runs when `active` changes (indicator tracks the mode, not the mount)
PASS  A3. …and the exact broken shape — optimistic glide + settle only at mount — is rejected
PASS  B1. the Filter home mounts the pill with active="filter"
PASS  B2. the AI screen mounts the pill with active="agent"
PASS  B3. neither screen mounts a second pill with the wrong mode
PASS  C1. re-broken to a mount-only settle → A1 would FAIL
PASS  C2. re-broken source is genuinely different from the shipped source (the mutation applied)
PASS  C3. B1/B2 would FAIL if a screen claimed the wrong mode

ALL PASS — the mode indicator cannot be left pointing at a mode the user is not on.

monitoring-sweep-is-guarded: the sweep must fail loudly, and its command must not be pasted

  ✓ scanned 681 migrations
  ✓ no migration hand-writes the mon-detectors-and-dispatch command
  ✓ grandfather list matches the tree (1 historical literal rewrite)
  ✓ 20260822061419_cron_health_cannot_see_the_job_it_runs_inside.sql is present
  ✓ cron_health reads the last COMPLETED run, so an in-flight row cannot mask a failure
  ✓ cron_health still detects intermittent failure (>= 2 failed runs in 24h)
  ✓ cron_health clears its own kind via mon_resolve_key
  ✓ 20260822061643_detector_sweep_runtime_budget_barrier_and_headroom.sql is present
  ✓ the sweep budget detector is defined
  ✓ the budget is read out of the sweep job's own command, not hardcoded
  ✓ the detector is rostered by a guarded needle-edit of the live roster body
  ✓ the migration carries a mutation proof against the ceiling that actually failed (300s)
  ✓ npm test runs this guard

✅ monitoring-sweep-is-guarded: passed.
PASS  effectiveGroups: none → []
PASS  effectiveGroups: one → that one
PASS  effectiveGroups: many → all, in order
PASS  M1 multi-group = OR: the two groups resolve to the UNION of their Arabic types
PASS  M1 non-vacuous: the union is strictly larger than either group alone
PASS  M1 an AND reading would be empty (no clean type belongs to two groups)
PASS  type boxes = union of members
PASS  groupsMembers([]) is empty; unknown group contributes nothing
PASS  multi-type = OR: 4 picked types resolve to the union of each type alone
PASS  effectiveTypes covers single (agent) and multi (filter) shapes
PASS  M3 pruneTypesToGroups keeps only types still covered by a selected group
PASS  M3 pruning to no groups yields null (not [])
PASS  M3 toggleGroup removes the orphaned type when its group is deselected
PASS  M3 toggleGroup ADDING a group keeps existing valid types
PASS  toggleGroup preserves user-typed price/area (they are type-independent)
PASS  toggleGroup clears type-DERIVED state (single type / detail / bed context)
PASS  deselecting the last group leaves typeGroups null (never [])
PASS  changing category clears groups, types and every type-derived field
PASS  re-tapping the active category deselects it and still clears the scope
PASS  M2 a question certified for only ONE selected type is NOT offered
PASS  M2 non-vacuous: a question certified for BOTH selected types IS offered
PASS  M2 single-type behaviour is unchanged (Apartment/Buy still offers bathrooms)
PASS  an UNCERTIFIED type in the scope zeroes every question
PASS  an empty scope offers nothing ([].every() must not read as "allow all")
PASS  a cross-category type cannot be offered questions
PASS  type × period: an Annual-only question is refused on a combined-period multi-type scope
PASS  type × period: a Monthly-only question is refused too
PASS  period intersection still works on a SINGLE type (unchanged behaviour)
PASS  chips: two commercial types share the certified utility trio
PASS  chips: disagreeing types offer NONE rather than one side’s list
PASS  chips: types with no cohort list keep the base set (null)
PASS  scopeCleanTypes: explicit types win
PASS  scopeCleanTypes: group-only expands to the group members
PASS  group-only AF is the members’ intersection, not a free pass
PASS  beds: dwelling group alone → shown
PASS  beds: dwelling + land groups → hidden (intersection)
PASS  beds: bare Residential (no group) unchanged → shown
PASS  beds: Commercial unchanged → hidden
PASS  migrateGroups converts a legacy single typeGroup to the array
PASS  migrateGroups never overwrites an existing multi-select
PASS  migrateGroups on a query with neither field yields null
PASS  restore keeps groups AND prunes types orphaned by them
PASS  restore migrates a LEGACY entry (single group) end to end
PASS  Clear All / New Chat default carries no group or type
PASS  a selected group counts as an active filter (Clear All appears)

✅ multi-group / multi-type scope contract holds.

≤25 Advanced Filter CTA gate — the manual "narrow it down" button

PASS  the manual narrow-CTA count reads matchTotal FIRST, never fetched/listings.length alone
PASS  canNarrowFurther is gated on (matchTotal-first total) > INTERVIEW_STOP_AT (the exact 25/26 boundary, not >=)
PASS  the «Let's narrow it down» Pressable only renders when canNarrowFurther is true
PASS  the OLD unconditional-button shape (no canNarrowFurther guard around the Pressable) is gone
PASS  the closing message drops the "help you find more precise ones?" invitation when canNarrowFurther is false
PASS  both new ≤25 copy variants have real Arabic translations (no English key leak)
PASS  FeedbackRow stays unconditional (no count gate added around it — 👍/Share always present)
PASS  no canNarrowFurther/trueTotal condition wraps the FeedbackRow return (still gated only on typing/reveal)

✓ ≤25 narrow-CTA gate intact: matchTotal-first, correct boundary, FeedbackRow untouched

PASS  A1. animation never completes → hand-off has NOT run yet (nothing fires early)
PASS  A2. …and the timer fallback DOES hand off (this is the bug that broke Search)
PASS  A3. animation completes → hand-off runs immediately (visual path still wins)
PASS  A4. …and the later fallback is a NO-OP — exactly once, never a double navigation
PASS  A5. 100 runs, animation completing or not → exactly one hand-off every time
PASS  A6. the default scheduler is the real setTimeout (the fallback actually ships)
PASS  B. Search navigation (src/app/index.tsx) goes through runAfterAnimation()
PASS  B. Search navigation does NOT hand off from a bare .start(() => …) callback
PASS  B. intro overlay dismissal (src/components/IntroVideo.tsx) goes through runAfterAnimation()
PASS  B. intro overlay dismissal does NOT hand off from a bare .start(() => …) callback
PASS  C. every .start(callback) in src/ is routed through runAfterAnimation()

✓ no hand-off depends on an animation frame — proved by behaviour, wiring and a full-tree scan


New Chat — completely blank state, saved chats preserved

PASS  a fresh query inherits NOTHING from a maximally dirty previous search (38 agent-only fields tested)
PASS  fresh query is the screen default (Buy + Residential), matching a cold app start
PASS  HOME_DEFAULT_QUERY is emptyQuery + the home Buy default (one definition, no drift)
PASS  the store owns a newChat() reset
PASS  newChat resets the shared query to the screen default
PASS  newChat REPLACES the query — it never spreads the previous one
PASS  newChat clears the parked pending message
PASS  newChat clears the active-chat id
PASS  newChat does NOT touch saved history
PASS  Sidebar New Chat calls the store reset (not just the highlight)
PASS  Sidebar pulls newChat from the store
PASS  reopening a saved chat still restores through its own sanitized path

✓ New Chat starts blank; saved chats survive

PASS  scanned a real fleet (219 python files)
PASS  no scraper derives a price signal (ppm↔total↔area, any direction)
PASS  mustqr no longer computes price_per_meter
PASS  no scraper assigns a listing price from prose (outside the declared, dated exception)
PASS  the sadin exception is still the ONLY one, and still present (so it cannot be forgotten)
PASS  no scraper stores a per-m² rate as the total/annual price
PASS  db._fold_price_evidence exists and is called from the shared capture path
PASS  normalize.price_evidence exists and BANS origin="description"
PASS  evidence is folded into source_capture (never written as a column)

✓ all PRICE = SOURCE assertions passed (no derived, no prose, no ppm-as-total, evidence wired)
PASS  cityDisplayPure('dhahran') resolves the exact originally-reported case
PASS  cityDisplayPure is case-insensitive (Dhahran, mixed case)
PASS  cityDisplayPure('qassim') — regression case #1 (was silently downgraded to the placeholder)
PASS  cityDisplayPure('eastern province') — regression case #2
PASS  cityDisplayPure('al jawf') — regression case #3
PASS  cityDisplayPure('al basr') — real Qassim village, previously unmapped anywhere
PASS  cityDisplayPure('al bateen') — real Qassim village, previously unmapped anywhere
PASS  cityDisplayPure('al dulaimiyah') — real Qassim village, previously unmapped anywhere
PASS  cityDisplayPure returns null (a real gap) for a city genuinely absent from every tier
PASS  composed: a resolved city name passes through arabicOrPlaceholder unchanged
PASS  composed: a genuine gap becomes the placeholder, not raw English
PASS  composed: English locale is untouched (not a leak there)
PASS  every CITY_AR_DISPLAY value contains Arabic script (found 0 that don't: none)
PASS  noResultsSuggestion() "did you mean" city is arabicOrUnresolved(cityDisplay(...)), not bare tPlace()
PASS  placeText() wraps BOTH the city and the district in arabicOrUnresolved(tPlace(...))
PASS  querySummaryLine() wraps tPlace() in arabicOrUnresolved()
PASS  locationLines() "You typed: {raw}" wraps lm.raw in arabicOrUnresolved() (was raw — a same-script/both-non-Arabic raw+label pair could render unguarded English)
PASS  noResultsSuggestion() "did you mean" {place} wraps q.locationMatch?.label||q.location in arabicOrUnresolved() (was raw, right next to the already-guarded {alt})
PASS  no new tPlace() misuse in src/data/search.ts (found: none)

✓ all no-english-city-leak assertions passed
no-hardcoded-rent-period: scanned 34 scrapers/*/run.py
✅ no-hardcoded-rent-period: no scraper defaults the rental period (6 grandfathered debts tracked).
PASS  invented «مدينة زقنبوطية الشمالية» gets NO city suggestion (got null)
PASS  invented «زقنبوطية الشمالية» gets NO city suggestion (got null)
PASS  invented «بلدة كركوبان» gets NO city suggestion (got null)
PASS  invented «جججججججج» gets NO city suggestion (got null)
PASS  invented «مقلوبستان الكبرى» gets NO city suggestion (got null)
PASS  invented «الرقمطوش الجنوبي» gets NO city suggestion (got null)
PASS  near-miss «القرص» still suggests Ar Rass (got Ar Rass)
PASS  near-miss «khubar» still suggests Al Khobar (got Al Khobar)
PASS  near-miss «riydah» still suggests Riyadh (got Riyadh)
PASS  near-miss «جدةةة» still suggests Jeddah (got Jeddah)
PASS  editDistance() length-gap short-circuit does NOT return the literal 3
PASS  editDistance() length-gap short-circuit returns a value that grows with the inputs

All checks passed.
(node:78552) ExperimentalWarning: stripTypeScriptTypes is an experimental feature and might change at any time
(Use `node --trace-warnings ...` to show where the warning was created)
  ✓ no hard-delete of listing rows outside scrapers/common/cleanup.py
     (1 occurrence(s) in comments/docs — explanation, not code)
  ✓ scrapers/aqar/cleanup.py is still a refusal stub
  ✓   …and contains no delete call at all
  ✓ scripts/wasalt-cleanup.sh is still a refusal stub
  ✓   …and no executable line invokes the legacy deleter
  ✓ the engine still re-fetches the source before deleting (_probe)
  ✓ the engine still writes a per-row audit trail
  ✓ the engine still gates on platform health
  ✓ the engine still freezes on inconclusive source health
  ✓ the engine still caps the batch
  ✓ a migration arms trg_archive_hard_delete on the listings tables
  ✓   …over every *_{residential,commercial}_listings table, by pattern, not a hardcoded list
  ✓   …and defines mon_detect_unledgered_hard_delete()
  ✓   …which compares what vanished against the engine ledger
  ✓   …and does NOT trust deletion_reason, which the deleter itself writes
  ✓   …and is wired into the detector roster by a guarded needle-edit
  ✓ self-test: a real SQL delete is still caught
  ✓   …including one sitting under a comment that quotes it
  ✓   …and a client-side .delete() in python
  ✓   …while the same statement inside a comment is not a violation
  ✓   …nor is documenting it in markdown

✓ no-unguarded-deleter: passed.
PASS  no placeholder licence numbers in any user-facing string
PASS  no string asserts that Ezhalah holds a licence it does not hold
PASS  no string claims user data is stored inside the Kingdom (prod is ap-northeast-1)
PASS  both screens carry the truthful listing-provenance statement instead of a licence claim

✓ no unsupported user-facing claims
no-vercel-bypass: raw production-deploy commands must route through safe-deploy.sh
  ✓ no unsanctioned raw Vercel production-deploy command anywhere in the tree
  ✓ no GitHub workflow / script can deploy the frontend without routing through safe-deploy.sh

✓ no-vercel-bypass: passed.
PASS  mon_detect_field_integrity has a committed migration definition
PASS  winning body checks the phone-band [500000000,599999999]
PASS  winning body checks the ID artifact band [100000000,101000000]
PASS  winning body raises the field_integrity_phone_price alert
PASS  covers both price_total and price_annual

✓ non-price (phone/ID) price monitor is present in migrations
PASS  nothing selected (category pill deselected) implies Residential
PASS  nothing selected, all fields explicitly null, implies Residential
PASS  explicit category is passed through unchanged (Residential)
PASS  explicit category is passed through unchanged (Commercial)
PASS  a specific type selected with no category stays null (already scoped by raw type_ar, untouched by this fix)
PASS  a multi-select types list with no category stays null
PASS  a typeGroup with no category stays null
PASS  a Residential-macro listing is KEPT when nothing is selected
PASS  THE LEAK, closed: a Commercial-macro listing (misfiled into a residential-kind table) is now EXCLUDED when nothing is selected
PASS  same, resolved via CLEAN_MACRO fallback when the row has no explicit .macro (mirrors real Listing shape)
PASS  an explicit Commercial category search still keeps a Commercial-macro listing (unchanged behavior)
PASS  a specific-type search ignores macro entirely (unchanged behavior — already exactly scoped by type)
PASS  remote.ts defines impliedCategory()
PASS  impliedCategory's nothing-selected branch resolves to 'Residential', not null
PASS  the RPC scope actually calls impliedCategory(q) for p_category (not the old bare `q.category ?? null`)
PASS  the old unguarded `p_category: q.category ?? null,` is GONE (would silently re-open the leak if reintroduced)
PASS  search.ts's matchesType no longer unconditionally returns true when nothing is selected
PASS  matchesType's final fallback now enforces macro === 'Residential' instead of accepting everything

✓ null-category purity fix verified — the 1,202-row leak path is closed and pinned against regression
PASS  mergeLtrRef helper exists and sets dir="ltr" on the DOM node
PASS  areaMinRef is wired through mergeLtrRef (forces dir="ltr")
PASS  areaMinRef is NOT wired bare (ref={areaMinRef}) — that shipped the bug
PASS  areaMaxRef is wired through mergeLtrRef (forces dir="ltr")
PASS  areaMaxRef is NOT wired bare (ref={areaMaxRef}) — that shipped the bug
PASS  priceMinRef is wired through mergeLtrRef (forces dir="ltr")
PASS  priceMinRef is NOT wired bare (ref={priceMinRef}) — that shipped the bug
PASS  priceMaxRef is wired through mergeLtrRef (forces dir="ltr")
PASS  priceMaxRef is NOT wired bare (ref={priceMaxRef}) — that shipped the bug
PASS  sizeBoxRef is wired through mergeLtrRef (forces dir="ltr")
PASS  sizeBoxRef is NOT wired bare (ref={sizeBoxRef}) — that shipped the bug
PASS  s.sizeInput uses fontSize: 16 (prevents iOS focus auto-zoom)
PASS  s.sizeInput has minWidth: 0 (prevents WebKit flex overflow)
PASS  s.rangeInput uses fontSize: 16 (prevents iOS focus auto-zoom)
PASS  s.rangeInput has minWidth: 0 (prevents WebKit flex overflow)
PASS  areaMinRef has maxLength={9} (typing cap)
PASS  areaMinRef handler hard-caps digits with .slice(0, 7) (paste cap)
PASS  areaMaxRef has maxLength={9} (typing cap)
PASS  areaMaxRef handler hard-caps digits with .slice(0, 7) (paste cap)
PASS  priceMinRef has maxLength={13} (typing cap)
PASS  priceMinRef handler hard-caps digits with .slice(0, 10) (paste cap)
PASS  priceMaxRef has maxLength={13} (typing cap)
PASS  priceMaxRef handler hard-caps digits with .slice(0, 10) (paste cap)
PASS  sizeBoxRef has maxLength={9} (typing cap)
PASS  sizeBoxRef handler hard-caps digits with .slice(0, 7) (paste cap)

✓ all 5 numeric inputs force dir="ltr", use 16px font, minWidth:0, and digit caps

Observability PDPL/security scrubber (owner 2026-08-26)

PASS  scrubEvent returns the event (not dropped)
PASS  request.url is stripped of query and fragment
PASS  request.query_string is removed entirely
PASS  request.cookies is removed entirely
PASS  Authorization header removed
PASS  apikey header removed
PASS  cookie header removed
PASS  x-supabase-auth header removed
PASS  non-auth header (user-agent) kept
PASS  user is present with an id
PASS  user.email dropped
PASS  user.ip_address dropped
PASS  user.username dropped
PASS  user.phone dropped
PASS  future SDK-added user PII field dropped
PASS  user.id itself scrubbed if it happens to be an email
PASS  no JWT anywhere in the scrubbed event
PASS  no sb_publishable_ key anywhere
PASS  no +966 phone anywhere
PASS  no email anywhere
PASS  breadcrumbs still an array with same length
PASS  breadcrumb.data recursively scrubbed
PASS  event.message scrubbed
PASS  exception value scrubbed
PASS  mutation control: raw event DOES contain a JWT (proves the sample exercises the guard)
PASS  mutation control: raw event DOES contain the publishable key
PASS  mutation control: raw event DOES contain the phone
PASS  mutation control: raw event DOES contain the email
PASS  safe-by-default: no DSN in env → isEnabled() returns false
PASS  Sentry init uses sendDefaultPii: false
PASS  tracesSampleRate is 0 (errors-only, no perf without a deliberate change)
PASS  replaysSessionSampleRate is 0
PASS  replaysOnErrorSampleRate is 0
PASS  beforeSend is wired to scrubEvent (our scrubber runs last)
PASS  _layout.tsx calls initObservability() at module scope
PASS  _layout.tsx forwards unhandledrejection and window.error through reportError
PASS  store.tsx identifies the user by `sub` only (never phone/email/name)

✓ observability PDPL/security scrubber holds — no PII, no tokens, no query strings can escape

The 5-minute P0 delivery SLO is owner-set and cannot be quietly widened

PASS  at least one migration defines mon_detect_p0_delivery_sla()
PASS  the SLO is still 5 minutes
PASS  mon_dispatch_p0_fast() is defined
PASS  the every-minute polling job is gone
PASS  mon_dispatch_p0_fast() is chained onto the detector sweep that raises every P0
PASS  the chain does NOT change the sweep schedule (owner-only)
PASS  the dispatcher caps retries
PASS  the dispatcher reconciles net._http_response rather than trusting the enqueue
PASS  the fast lane never stamps alert_event.dispatched_at
PASS  the detector raises on an SLO breach
PASS  the detector raises when no HUMAN-reaching channel is configured
PASS  both detector branches self-clear
PASS  the detector is wired into mon_run_all_detectors() in the SAME migration
PASS  the roster wiring block exists
PASS  the roster edit is a needle-edit built from the LIVE definition
PASS  the roster edit verifies that it actually took
PASS  the canonical channel triggers the EXISTING alert-dispatch.yml workflow
PASS  the GitHub PAT is read from Vault at send time, never stored in ops_alert_channel
PASS  a github_workflow trigger receipt is NOT counted as delivery (both queries)
PASS  workflow re-triggering is throttled
PASS  the SLO is recorded in the canonical spec
PASS  the spec states the destination is still an owner input

✓ p0-delivery-sla: the 5-minute SLO is pinned, bounded, wired and recorded

PASS  period flip clears priceMin+priceMax+priceInput+priceBand together
PASS  re-tapping the same period is a no-op
PASS  clear happens only when a price was set (hadPrice gate) and raises the note flag
PASS  note rendered while cleared and no new price typed
PASS  note has a genuine Arabic translation
PASS  Buy/Rent toggle clears price state exactly when priceMin/priceMax flips which deal it prices (owner-upgraded sibling rule)
PASS  the retired Buy/Rent price-cleared NOTICE is not reintroduced (owner 2026-08-22)

✓ all period-price-flip assertions passed (clear + explain, never silent unit inversion)

PLATFORM DIVERSITY — owner permanent rule (MATCH FIRST → DIVERSIFY SECOND)

  ✓ 1. two qualifying platforms — both appear in the first 10, no streak
  ✓ 2. three qualifying platforms — all three appear in the first 10, no streak
  ✓ 3. 12 qualifying platforms — first 10 are 10 DISTINCT platforms; first 25 covers all 12
  ✓ 4. huge platform + small ones — the small platforms surface EARLY instead of being buried
  ✓ 4b. …and this is a real improvement over recency-only ordering
  ✓ 4c. NO forced equality — the big platform still supplies the bulk of a deep page
  ✓ 5. a platform with exactly 1 qualifying listing appears, and appears EARLY (never buried)
  ✓ 5b. …and it is shown exactly once — diversity never invents inventory
  ✓ 6. a platform with exactly 2 qualifying listings shows both, naturally and early
  ✓ 7. only ONE platform qualifies — showing it repeatedly is CORRECT, and order is unchanged
  ✓ 8. STREAK: no platform takes slot k+1 while another still has an unshown slot k
  ✓ 8b. STREAK: every same-platform run is explained by all other platforms being exhausted
  ✓ 9. five consecutive Show More batches stay diversified (not just page 0)
  ✓ 10. no duplicate listings across consecutive Show More batches
  ✓ 10b. paging in batches yields EXACTLY the same sequence as one big call (deterministic paging)
  ✓ 11. diversification changes ORDER ONLY — the eligible SET is identical (none lost, none added)
  ✓ 11b. per-platform counts are preserved exactly — no platform is capped
  ✓ 12. all 6 objective sorts (price/area/beds/oldest) are NOT diversified — semantics untouched
  ✓ 12b. the default (no explicit sort) IS diversified
  ✓ 13. platform-NEUTRAL — renaming every platform produces the identical shape (no favouritism)
  ✓ 13b. no platform name is hardcoded in the diversification path
  ✓ 14. the retired page-0-only diversity seed is GONE from the client
  ✓ 14b. the client no longer branches its ordering on pageOffset === 0
  ✓ 15. client re-sort never lengthens a same-platform streak (6 real batch shapes × 8 scopes)
  ✓ 15b. client re-sort never drops a platform from a batch
  ✓ 15c. client re-sort is a pure permutation — no row invented, duplicated or lost
  ✓ 15d. mixPeriods=true (owner combined-period rule 2026-08-19) is ALSO a pure permutation (24 batch×scope combos) — never adds/drops a row
  ✓ 15e. mixPeriods=true never changes the MULTISET of periods present — no rebalancing, no manufactured/dropped period

✓ platform diversity: MATCH FIRST → DIVERSIFY SECOND holds across the whole sequence

PASS  p_price_min is built from the user budget, not from a per-meter rate
PASS  p_price_max is built from the user budget, not from a per-meter rate
PASS  nothing in the price-parameter block references the per-meter rate
PASS  price_per_meter is NOT folded into the Listing.price string
PASS  remote.ts passes price_per_meter through verbatim
PASS  no arithmetic on pricePerMeter in app/+html.tsx
PASS  no arithmetic on pricePerMeter in app/_layout.tsx
PASS  no arithmetic on pricePerMeter in app/about.tsx
PASS  no arithmetic on pricePerMeter in app/agent.tsx
PASS  no arithmetic on pricePerMeter in app/auth.tsx
PASS  no arithmetic on pricePerMeter in app/browser.tsx
PASS  no arithmetic on pricePerMeter in app/index.tsx
PASS  no arithmetic on pricePerMeter in app/interview.tsx
PASS  no arithmetic on pricePerMeter in app/support.tsx
PASS  no arithmetic on pricePerMeter in components/AccountMenu.tsx
PASS  no arithmetic on pricePerMeter in components/AdvancedQuestionCard.tsx
PASS  no arithmetic on pricePerMeter in components/AuthModal.tsx
PASS  no arithmetic on pricePerMeter in components/CardReveal.tsx
PASS  no arithmetic on pricePerMeter in components/DualRangeSlider.tsx
PASS  no arithmetic on pricePerMeter in components/FeedbackRow.tsx
PASS  no arithmetic on pricePerMeter in components/GoogleOneTap.tsx
PASS  no arithmetic on pricePerMeter in components/HeroBackground.tsx
PASS  no arithmetic on pricePerMeter in components/InfoModal.tsx
PASS  no arithmetic on pricePerMeter in components/IntroVideo.tsx
PASS  no arithmetic on pricePerMeter in components/MiningTransition.tsx
PASS  no arithmetic on pricePerMeter in components/ModeSwitch.tsx
PASS  no arithmetic on pricePerMeter in components/ReadAloudPlayer.tsx
PASS  no arithmetic on pricePerMeter in components/ResultCard.tsx
PASS  no arithmetic on pricePerMeter in components/SearchLoader.tsx
PASS  no arithmetic on pricePerMeter in components/ShareSheet.tsx
PASS  no arithmetic on pricePerMeter in components/Sidebar.tsx
PASS  no arithmetic on pricePerMeter in components/TrendingChips.tsx
PASS  no arithmetic on pricePerMeter in components/TrendingList.tsx
PASS  no arithmetic on pricePerMeter in components/VoiceWaveform.tsx
PASS  no arithmetic on pricePerMeter in components/ui.tsx
PASS  no arithmetic on pricePerMeter in data/advancedFilters.ts
PASS  no arithmetic on pricePerMeter in data/agent.ts
PASS  no arithmetic on pricePerMeter in data/clicks.ts
PASS  no arithmetic on pricePerMeter in data/countries.ts
PASS  no arithmetic on pricePerMeter in data/examplePrompts.ts
PASS  no arithmetic on pricePerMeter in data/introExamples.ts
PASS  no arithmetic on pricePerMeter in data/landmarks/index.ts
PASS  no arithmetic on pricePerMeter in data/listings.ts
PASS  no arithmetic on pricePerMeter in data/loaderPlatforms.ts
PASS  no arithmetic on pricePerMeter in data/locations.ts
PASS  no arithmetic on pricePerMeter in data/platforms.ts
PASS  no arithmetic on pricePerMeter in data/propertyTypes.ts
PASS  no arithmetic on pricePerMeter in data/proximity.ts
PASS  no arithmetic on pricePerMeter in data/regions.ts
PASS  no arithmetic on pricePerMeter in data/remote.ts
PASS  no arithmetic on pricePerMeter in data/resultCount.ts
PASS  no arithmetic on pricePerMeter in data/search.ts
PASS  no arithmetic on pricePerMeter in data/taxonomy.ts
PASS  no arithmetic on pricePerMeter in i18n.tsx
PASS  no arithmetic on pricePerMeter in lib/afCohorts.ts
PASS  no arithmetic on pricePerMeter in lib/afPlan.ts
PASS  no arithmetic on pricePerMeter in lib/afProbe.ts
PASS  no arithmetic on pricePerMeter in lib/afRanking.ts
PASS  no arithmetic on pricePerMeter in lib/afSteps.ts
PASS  no arithmetic on pricePerMeter in lib/afSummary.ts
PASS  no arithmetic on pricePerMeter in lib/afterAnimation.ts
PASS  no arithmetic on pricePerMeter in lib/ageFilterTypes.ts
PASS  no arithmetic on pricePerMeter in lib/appSession.ts
PASS  no arithmetic on pricePerMeter in lib/appearance.ts
PASS  no arithmetic on pricePerMeter in lib/arabicName.ts
PASS  no arithmetic on pricePerMeter in lib/arabicText.ts
PASS  no arithmetic on pricePerMeter in lib/auth.ts
PASS  no arithmetic on pricePerMeter in lib/authPopupBehavior.ts
PASS  no arithmetic on pricePerMeter in lib/chatMerge.ts
PASS  no arithmetic on pricePerMeter in lib/chatSearch.ts
PASS  no arithmetic on pricePerMeter in lib/chatSync.ts
PASS  no arithmetic on pricePerMeter in lib/chatTitle.ts
PASS  no arithmetic on pricePerMeter in lib/chatTranscript.ts
PASS  no arithmetic on pricePerMeter in lib/cityDisplay.ts
PASS  no arithmetic on pricePerMeter in lib/combinedBudget.ts
PASS  no arithmetic on pricePerMeter in lib/gathernUrl.ts
PASS  no arithmetic on pricePerMeter in lib/htmlEntities.ts
PASS  no arithmetic on pricePerMeter in lib/inputHygiene.ts
PASS  no arithmetic on pricePerMeter in lib/listingDisplay.ts
PASS  no arithmetic on pricePerMeter in lib/listingFeedback.ts
PASS  no arithmetic on pricePerMeter in lib/nameSync.ts
PASS  no arithmetic on pricePerMeter in lib/observability.ts
PASS  no arithmetic on pricePerMeter in lib/openListing.ts
PASS  no arithmetic on pricePerMeter in lib/platformDiversity.ts
PASS  no arithmetic on pricePerMeter in lib/readAloud.ts
PASS  no arithmetic on pricePerMeter in lib/readAloudScript.ts
PASS  no arithmetic on pricePerMeter in lib/regionOrCityAnswer.ts
PASS  no arithmetic on pricePerMeter in lib/responsive.ts
PASS  no arithmetic on pricePerMeter in lib/roomBedrooms.ts
PASS  no arithmetic on pricePerMeter in lib/rowClick.ts
PASS  no arithmetic on pricePerMeter in lib/savedSearchIdentity.ts
PASS  no arithmetic on pricePerMeter in lib/searchDefaults.ts
PASS  no arithmetic on pricePerMeter in lib/share.ts
PASS  no arithmetic on pricePerMeter in lib/sidebarReorder.ts
PASS  no arithmetic on pricePerMeter in lib/supabase.ts
PASS  no arithmetic on pricePerMeter in lib/textDirection.ts
PASS  no arithmetic on pricePerMeter in lib/translitPlace.ts
PASS  no arithmetic on pricePerMeter in lib/useAtLeast.ts
PASS  no arithmetic on pricePerMeter in lib/useReducedMotion.ts
PASS  no arithmetic on pricePerMeter in lib/voiceInput.ts
PASS  no arithmetic on pricePerMeter in lib/webRefreshRoute.ts
PASS  no arithmetic on pricePerMeter in noTranslate.ts
PASS  no arithmetic on pricePerMeter in store.tsx
PASS  no arithmetic on pricePerMeter in theme/palette.ts
PASS  no arithmetic on pricePerMeter in theme/propertyIcons.ts
PASS  no arithmetic on pricePerMeter in theme/theme.tsx
PASS  no arithmetic on pricePerMeter in theme/themeMode.ts
PASS  no arithmetic on pricePerMeter in theme/tokens.ts
PASS  no total derived from rate × area in app/+html.tsx
PASS  no total derived from rate × area in app/_layout.tsx
PASS  no total derived from rate × area in app/about.tsx
PASS  no total derived from rate × area in app/agent.tsx
PASS  no total derived from rate × area in app/auth.tsx
PASS  no total derived from rate × area in app/browser.tsx
PASS  no total derived from rate × area in app/index.tsx
PASS  no total derived from rate × area in app/interview.tsx
PASS  no total derived from rate × area in app/support.tsx
PASS  no total derived from rate × area in components/AccountMenu.tsx
PASS  no total derived from rate × area in components/AdvancedQuestionCard.tsx
PASS  no total derived from rate × area in components/AuthModal.tsx
PASS  no total derived from rate × area in components/CardReveal.tsx
PASS  no total derived from rate × area in components/DualRangeSlider.tsx
PASS  no total derived from rate × area in components/FeedbackRow.tsx
PASS  no total derived from rate × area in components/GoogleOneTap.tsx
PASS  no total derived from rate × area in components/HeroBackground.tsx
PASS  no total derived from rate × area in components/InfoModal.tsx
PASS  no total derived from rate × area in components/IntroVideo.tsx
PASS  no total derived from rate × area in components/MiningTransition.tsx
PASS  no total derived from rate × area in components/ModeSwitch.tsx
PASS  no total derived from rate × area in components/ReadAloudPlayer.tsx
PASS  no total derived from rate × area in components/ResultCard.tsx
PASS  no total derived from rate × area in components/SearchLoader.tsx
PASS  no total derived from rate × area in components/ShareSheet.tsx
PASS  no total derived from rate × area in components/Sidebar.tsx
PASS  no total derived from rate × area in components/TrendingChips.tsx
PASS  no total derived from rate × area in components/TrendingList.tsx
PASS  no total derived from rate × area in components/VoiceWaveform.tsx
PASS  no total derived from rate × area in components/ui.tsx
PASS  no total derived from rate × area in data/advancedFilters.ts
PASS  no total derived from rate × area in data/agent.ts
PASS  no total derived from rate × area in data/clicks.ts
PASS  no total derived from rate × area in data/countries.ts
PASS  no total derived from rate × area in data/examplePrompts.ts
PASS  no total derived from rate × area in data/introExamples.ts
PASS  no total derived from rate × area in data/landmarks/index.ts
PASS  no total derived from rate × area in data/listings.ts
PASS  no total derived from rate × area in data/loaderPlatforms.ts
PASS  no total derived from rate × area in data/locations.ts
PASS  no total derived from rate × area in data/platforms.ts
PASS  no total derived from rate × area in data/propertyTypes.ts
PASS  no total derived from rate × area in data/proximity.ts
PASS  no total derived from rate × area in data/regions.ts
PASS  no total derived from rate × area in data/remote.ts
PASS  no total derived from rate × area in data/resultCount.ts
PASS  no total derived from rate × area in data/search.ts
PASS  no total derived from rate × area in data/taxonomy.ts
PASS  no total derived from rate × area in i18n.tsx
PASS  no total derived from rate × area in lib/afCohorts.ts
PASS  no total derived from rate × area in lib/afPlan.ts
PASS  no total derived from rate × area in lib/afProbe.ts
PASS  no total derived from rate × area in lib/afRanking.ts
PASS  no total derived from rate × area in lib/afSteps.ts
PASS  no total derived from rate × area in lib/afSummary.ts
PASS  no total derived from rate × area in lib/afterAnimation.ts
PASS  no total derived from rate × area in lib/ageFilterTypes.ts
PASS  no total derived from rate × area in lib/appSession.ts
PASS  no total derived from rate × area in lib/appearance.ts
PASS  no total derived from rate × area in lib/arabicName.ts
PASS  no total derived from rate × area in lib/arabicText.ts
PASS  no total derived from rate × area in lib/auth.ts
PASS  no total derived from rate × area in lib/authPopupBehavior.ts
PASS  no total derived from rate × area in lib/chatMerge.ts
PASS  no total derived from rate × area in lib/chatSearch.ts
PASS  no total derived from rate × area in lib/chatSync.ts
PASS  no total derived from rate × area in lib/chatTitle.ts
PASS  no total derived from rate × area in lib/chatTranscript.ts
PASS  no total derived from rate × area in lib/cityDisplay.ts
PASS  no total derived from rate × area in lib/combinedBudget.ts
PASS  no total derived from rate × area in lib/gathernUrl.ts
PASS  no total derived from rate × area in lib/htmlEntities.ts
PASS  no total derived from rate × area in lib/inputHygiene.ts
PASS  no total derived from rate × area in lib/listingDisplay.ts
PASS  no total derived from rate × area in lib/listingFeedback.ts
PASS  no total derived from rate × area in lib/nameSync.ts
PASS  no total derived from rate × area in lib/observability.ts
PASS  no total derived from rate × area in lib/openListing.ts
PASS  no total derived from rate × area in lib/platformDiversity.ts
PASS  no total derived from rate × area in lib/readAloud.ts
PASS  no total derived from rate × area in lib/readAloudScript.ts
PASS  no total derived from rate × area in lib/regionOrCityAnswer.ts
PASS  no total derived from rate × area in lib/responsive.ts
PASS  no total derived from rate × area in lib/roomBedrooms.ts
PASS  no total derived from rate × area in lib/rowClick.ts
PASS  no total derived from rate × area in lib/savedSearchIdentity.ts
PASS  no total derived from rate × area in lib/searchDefaults.ts
PASS  no total derived from rate × area in lib/share.ts
PASS  no total derived from rate × area in lib/sidebarReorder.ts
PASS  no total derived from rate × area in lib/supabase.ts
PASS  no total derived from rate × area in lib/textDirection.ts
PASS  no total derived from rate × area in lib/translitPlace.ts
PASS  no total derived from rate × area in lib/useAtLeast.ts
PASS  no total derived from rate × area in lib/useReducedMotion.ts
PASS  no total derived from rate × area in lib/voiceInput.ts
PASS  no total derived from rate × area in lib/webRefreshRoute.ts
PASS  no total derived from rate × area in noTranslate.ts
PASS  no total derived from rate × area in store.tsx
PASS  no total derived from rate × area in theme/palette.ts
PASS  no total derived from rate × area in theme/propertyIcons.ts
PASS  no total derived from rate × area in theme/theme.tsx
PASS  no total derived from rate × area in theme/themeMode.ts
PASS  no total derived from rate × area in theme/tokens.ts
PASS  the card labels the value as a per-m² rate, not a price
PASS  the card still withholds non-positive / placeholder rates

✓ price_per_meter is searchable, source-only, and filter-safe (never a total, never derived)
PASS  fetchPropertyAgeOptionCounts() is still defined in src/data/remote.ts
PASS  fetchPropertyAgeOptionCounts() forwards an already-answered amenities filter (q.amenities -> p_amenities)
PASS  fetchPropertyAgeOptionCounts() forwards an already-answered min-bathrooms filter (q.bathMin -> p_bath_min)
PASS  both new params are part of the property_age_option_counts_ar RPC call itself (not dead code elsewhere)
PASS  ageAgnostic() strips exactly the three age params it prices — nothing else
PASS  fetchApartmentGuidedCounts() is still defined (the sibling pattern this fix mirrors)
PASS  fetchApartmentGuidedCounts() still forwards p_amenities (unchanged sibling behavior)
PASS  fetchApartmentGuidedCounts() still forwards p_bath_min (unchanged sibling behavior)
PASS  the committed migration file for this fix exists
PASS  the migration DROPs the OLD 17-arg signature (not a bare CREATE OR REPLACE, to avoid the PGRST203 overload hazard)
PASS  the migration CREATEs the function with p_amenities and p_bath_min as new trailing params
PASS  the migration re-grants EXECUTE to anon and authenticated (the new signature needs its own grant)

✓ property_age_option_counts_ar amenities/bath_min wiring verified (source + migration)
PASS  readAloud.ts names no paid TTS provider/endpoint
PASS  FeedbackRow.tsx names no paid TTS provider/endpoint
PASS  agent.tsx names no paid TTS provider/endpoint
PASS  ReadAloudPlayer.tsx (the floating controller) names no paid TTS provider/endpoint
PASS  package.json depends on expo-speech (the free native/OS TTS wrapper) and nothing else speech-related
PASS  readAloud.ts imports expo-speech, not a fetch-based TTS client
PASS  speakReadAloud() stops any in-progress utterance before starting a new one
PASS  a shared "who is speaking" id is exposed for callers to derive their own state from
PASS  FeedbackRow calls speakReadAloud only from its onReadAloud handler, itself only wired to onPress
PASS  no speak call sits inside a bare useEffect (would autoplay without a tap)
PASS  every speak() call is hardcoded to ar-SA — no English/other-language branch
PASS  msgRTL (bubble RTL layout) has ONE definition (src/lib/textDirection.ts) — read-aloud no longer needs or imports it
PASS  voice scoring prefers exact ar-SA, on-device (localService), AND Enhanced quality — all three axes
PASS  voice resolution is a bounded POLL (not a single voiceschanged await) — resilient to voiceschanged never firing on some engines
PASS  voice resolution keeps retrying in the background for a generous window (RETRY_WINDOW_MS) before giving up — never gives up permanently right after the initial fast poll
PASS  voiceCheckExhausted is set ONLY after the retry window is exhausted, not right after the initial fast poll
PASS  speakReadAloud() itself has no await before Speech.speak() (stays synchronous for the iOS Safari gesture requirement)
PASS  speakReadAloud() refuses to speak (returns false) when no Arabic voice has been confirmed — never falls through to a language-only (wrong-voice) call
PASS  every actual Speech.speak() call passes an explicit .voice (the confirmed Arabic voice identifier), never language-only
PASS  speakReadAloud has a boolean return type so callers can react to "genuinely unavailable" (FeedbackRow shows a graceful Arabic message, never silently speaks wrong-language)
PASS  FeedbackRow shows the graceful "not available" message only when speakReadAloud reports it did not start — never as a silent no-op
PASS  default speech rate is the measured, documented value (1.3 — natural-pace-tuned, not an arbitrary slowdown)
PASS  script opens with the intro word 'إزهله' followed by a pause before anything else
PASS  the summary is spoken next (second segment), also followed by a pause
PASS  cards are appended AFTER intro+summary, via Array.forEach over the listings array (preserves on-screen order — never re-sorted)
PASS  no pause trails the LAST card when there is no closing note; a pause DOES separate the last card from a closing note when one is supplied
PASS  no card cap remains in the script — every visibleListings entry is spoken, not a .slice()-bounded subset
PASS  the caller passes the VISIBLE (reveal-count-sliced) listings, never the full fetched set — no hidden listing can be spoken
PASS  buildResultsReadAloudSegments() accepts an optional closingNote and appends it as the final segment, trimmed and only when non-empty
PASS  agent.tsx builds the closing note from the SAME moreNoteText the visible <Text> renders, never a re-derived copy
PASS  the spoken available-actions sentence names only button(s) that are ACTUALLY on screen (gated by the same showActionsRow used for the visible buttons row, incl. the Advanced-Filter-open hide)
PASS  the spoken action label(s) are the exact SAME t('Load more')/t('Let’s narrow it down') strings the visible buttons render — never a separately-worded copy
PASS  cardSpeech() never touches a raw id/URL/source/description/title field or serializes raw JSON (platform name comes only from listingPlatformAr)
PASS  card facts come from the SAME Arabic display helpers ResultCard.tsx itself uses (one derivation, spoken can never disagree with shown)
PASS  every card speaks its platform name last, via the shared listingPlatformAr() helper
PASS  listingPlatformAr() reuses the SAME 'Hosted on {name}' i18n key the visible card badge renders — cannot say a different platform than what is shown
PASS  sourceName() (the platform-slug-to-label mapping) lives in ONE place, listingDisplay.ts — ResultCard.tsx imports it rather than keeping its own copy
PASS  FeedbackRow stops its own speech on unmount (ref-based, mount/unmount only — no redundant stop on every idle transition)
PASS  starting a new search/turn stops any read-aloud left over from the previous response
PASS  a unit error just ends the session cleanly (finishSession) — never falls back to a different (paid) speech path
PASS  web playback bypasses expo-speech's buggy Speech.speak()/pause()/resume(), using window.speechSynthesis directly instead
PASS  voice RESOLUTION is untouched by the playback-engine rewrite — still expo-speech's getAvailableVoicesAsync via the same bounded poll
PASS  the raw web utterance still gets the exact confirmed Arabic voice object (resolved back from bestArabicVoice.identifier), never left unset
PASS  native (iOS) pause/resume still go through expo-speech's Speech.pause()/Speech.resume() directly — no such remapping bug exists there
PASS  Android (no native pause/resume in expo-speech) never silently no-ops a pause tap — it cancels the current unit and restarts it on resume, an honest degraded behavior, not a fake pause
PASS  pauseReadAloud() never increments playToken on the true-pause path itself — only its two cancel-fallback branches do (Android, which has no pause API; and the web-verify-timeout catching an iOS Safari no-op pause)
PASS  a real pause attempt is VERIFIED, not trusted blindly — falls back to cancel+restart if speechSynthesis.paused never actually became true
PASS  the pause-verify fallback is gated on the SAME pause attempt still being current (token + state check) — a resume or a new pause in the verify window is never overridden by a stale check
PASS  a unit that finishes naturally while state is "paused" (the iOS no-op case) does NOT auto-advance to the next unit — it waits for an explicit resume instead of talking through the pause
PASS  stopReadAloud(), a seek jump, and a speed change all invalidate the in-flight callback via playToken++ before cancelling — a cancelled utterance can never fire a stale onDone/onError
PASS  elapsed time is tracked by a real ticking interval, started on play/resume and stopped on pause/stop/finish (frozen, not zeroed, while paused)
PASS  a new speakReadAloud() session resets elapsed to zero; pauseReadAloud()/resumeReadAloud() never reset it
PASS  seeking is estimate-based and jumps to a real unit boundary (jumpTo), documented explicitly as an estimate rather than a literal audio position
PASS  seeking never lands on a silence-only unit — it walks forward to the next real speak unit
PASS  seek target is clamped to [0, total estimated duration] — never negative, never past the end
PASS  exported seek entrypoint takes a signed delta (±15000 per the owner spec), not a hardcoded direction
PASS  seeking anchors the timeline at REAL elapsedMs (the actual current position), never an absolute unit-0 estimate that can drift from real playback over a long reading
PASS  relativeStartsMs extends forward/backward from the given anchor using per-unit estimates for the RELATIVE distance only — the anchor itself is never re-derived from an estimate
PASS  RATE_STEPS is exactly the owner-specified cycle, extended with faster options: 0.8x, 1x, 1.2x, 1.3x, 1.5x, 1.75x, 2x
PASS  cycleReadAloudRate() restarts only the current unit on a live change, and never references voice selection (bestArabicVoice/pickBestArabic/resolveVoice)
PASS  the controller's Close button calls the shared stopReadAloud() — not a separate/duplicate stop implementation
PASS  ReadAloudPlayer renders nothing when idle — it does not linger as an invisible-but-present overlay over the result cards
PASS  ReadAloudPlayer is mounted exactly ONCE in agent.tsx (one active session ⇒ one controller, not one per card/response)
PASS  the controller is NOT a full-screen modal — no absoluteFill/dimmed backdrop, just a small top-anchored pill
PASS  the controller stays fixed on web while the page scrolls (position: fixed on web, absolute on native) and respects the top safe-area inset
PASS  the pill sits at the SAME proven below-the-top-bar offset as the app's own feedback toast (insets.top + 54) — never the too-shallow +12 that overlapped the top bar on mobile
PASS  the controller's row direction is the RTL-CORRECT choice (verified live) — plain 'row' in this RTL document, not 'row-reverse' which would double-mirror it back to an LTR-looking layout
PASS  the appear/disappear animation is a plain fade+scale (~180ms), not a spring/bounce, and is skipped entirely under reduced motion
PASS  every control passes its accessibility label as label={t(...)} — never a raw literal string prop that could leak English into the Arabic UI
PASS  AR dict has «Read aloud» with an Arabic, Latin-free value
PASS  AR dict has «Stop reading» with an Arabic, Latin-free value
PASS  AR dict has «Pause reading» with an Arabic, Latin-free value
PASS  AR dict has «Resume reading» with an Arabic, Latin-free value
PASS  AR dict has «Back 15 seconds» with an Arabic, Latin-free value
PASS  AR dict has «Forward 15 seconds» with an Arabic, Latin-free value
PASS  AR dict has «Playback speed» with an Arabic, Latin-free value
PASS  AR dict has «You can tap {a} or {b}.» with an Arabic, Latin-free value
PASS  AR dict has «You can tap {a}.» with an Arabic, Latin-free value
PASS  AR dict has «Listening isn't available on this device» with an Arabic, Latin-free value
PASS  macOS-shape device (only Majed, ar-001, generic) picks Majed — the real production case verified live
PASS  when both an exact ar-SA and a generic ar-EG voice exist, ar-SA wins (exact-locale priority)
PASS  an exact ar-SA voice wins even when it happens to be remote and a local generic voice is also available (owner priority: exact-locale first, unconditionally)
PASS  among candidates that are EQUALLY exact (or equally non-exact), local still wins over remote (the tiebreaker, not an override of exact-locale)
PASS  an Enhanced-quality voice beats a Default-quality voice when locale+locality are equal
PASS  best-of-all-worlds: exact ar-SA + local + Enhanced wins over every partial match
PASS  zero Arabic voices on the device (Windows/Android with no AR language pack) correctly returns null — never an English voice
PASS  English-only voice list never gets picked even when it is the ONLY voice present
PASS  seeking +15s from the very start clamps to the LAST real unit, not past the end of the reading
PASS  a modest forward seek lands on the correct real unit a few sentences ahead — real unit-boundary movement, not an arbitrary/fabricated jump
PASS  seeking -15s from mid-reading clamps to unit 0, never negative
PASS  a seek that estimates into the middle of a SILENCE gap snaps FORWARD to the next real speak unit — never lands on dead air
PASS  forward seek from a DRIFTED real position never lands at an earlier real time than where playback already was (the exact live bug: +15s landed BEHIND the real position)
PASS  forward seek from a drifted position moves the unit index forward (or stays, at the end) — never backward
PASS  backward seek from a drifted real position never lands at a LATER real time than where playback already was
PASS  the anchor unit itself always keeps exactly the real position passed in, regardless of drift (relativeStartsMs never re-derives "now" from the estimate)
PASS  a faster rate reaches an equal-or-later unit than a slower rate for the identical seek delta (the estimate reacts to current speed)

✓ read-aloud contract holds — native/OS TTS only, $0 at any volume

Refine single-pending-question guard (duplicate «كم ميزانيتك» bug, 2026-08-23)

PASS  startRefine bails out while a refine question is already pending (the actual fix)
PASS  the old unguarded `if (!q) return;` entry is gone from startRefine
PASS  runRefine still clears pendingRefineRef.current on an actual answer (guard is not permanent)
PASS  both known callers of startRefine(q) are still present (fix is in the shared function, not per-site)
PASS  pendingRefineRef is declared exactly once (no shadow/second instance)

✓ refine single-pending-question guard holds — no duplicate «نتائج أدق» prompts, no permanent lockout
PASS  before boot completes, the session is NOT started (page-load params must not execute)
PASS  after boot, the session IS started (in-app navigation may execute)
PASS  the reset restores the pre-boot state (the rule is testable in both directions)
PASS  agent.tsx imports the session gate
PASS  agent.tsx drops page-load params instead of running them
PASS  the page-load branch returns before any search branch is reached
PASS  the page-load branch lands on the AI new-chat screen (greeting + empty composer)
PASS  the page-load branch runs NO search (no sendFilter/send/openStatic before its return)
PASS  consumeSearchParams exists and clears every executable param
PASS  the filter branch consumes its params after acting
PASS  the seed branch consumes its params after acting
PASS  a sidebar replay also consumes its params (refreshing a reopened chat starts new — req. 6)
PASS  consuming marks the greeting handled so clearing params cannot inject a greeting mid-search
PASS  playListings no longer publishes results to the URL (PR#705 reverted by owner decision)
PASS  no setParams call writes a filter value back into the URL
PASS  /agent goes Home on a hard refresh, with or without params
PASS  /settings still goes Home
PASS  /interview still goes Home
PASS  /about still goes Home
PASS  / is left alone
PASS  /auth is left alone (OAuth redirect must finish signing in)
PASS  null/empty pathname is left alone
PASS  the contract constant states the rule for both halves
PASS  _layout.tsx opens the session only AFTER this load's screen effects have run
PASS  hasRestorableQuery still detects an executable payload
PASS  a consumed (bare) agent URL carries nothing executable
PASS  unrelated params are not executable
PASS  an in-session ?filter= still runs a search
PASS  an in-session ?seed= still runs a search
PASS  the sidebar still reopens a saved chat via replay=0 + hid
PASS  re-running the SAME query later still works (the handled-refs are released when params clear)
PASS  agent.tsx still seeds the app query from a filter payload (تصفية stays usable)
PASS  agent.tsx never calls setQuery with a bare value (the 2026-08-15 outage signature)
PASS  history is written at SEARCH time, not at refresh time
PASS  history de-dupes by QUERY only onto transcript-less entries; continuation turns update their own chat
PASS  history is bucketed per account, so a signed-in user sees their own chats after a refresh
PASS  history hydration waits for the auth check, so a refresh cannot load the wrong bucket
PASS  a refresh as a GUEST loads no saved history at all (anonymous searches are never persisted)
PASS  the browser runtime smoke test still exists
PASS  vercel.json redirects a hard /agent load to Home at the edge
PASS  that edge redirect is NOT permanent (a 308 would be cached in browsers past any future change)
PASS  the smoke test asserts BOTH halves at runtime: zero search requests AND landing on the Filter home
PASS  a workflow still runs the runtime smoke test on src/ changes

All refresh-behaviour checks passed
PASS  region_or_city branch found in the source
PASS  the old ASCII-\b Arabic pattern is GONE as executable code (would never match Arabic — the original bug)
PASS  wantsCity uses the Unicode-aware boundary pattern
PASS  wantsRegion uses the Unicode-aware boundary pattern
PASS  regionPin is NEVER assigned inside region_or_city anymore (its contract is twin_city-only; reusing it here was the second, coupled defect)
PASS  the wantsRegion branch sets `location` to the region form instead
PASS  the wantsCity branch sets `location` to the bare city name instead
PASS  real repro (found live): 'أبغى فيلا للبيع في مدينة جازان بس' -> wantsCity ONLY (was permanently dead before the fix)
PASS  bare 'منطقة تبوك كاملة' -> wantsRegion true
PASS  TRAP: 'المدينة المنورة' (Madinah — contains «مدينة» fused with «ال», no space) must NOT trigger wantsCity
PASS  TRAP: 'المنطقة الشرقية' (Eastern Province — contains «منطقة» fused with «ال», no space) must NOT trigger wantsRegion
PASS  a message with neither word -> both false (falls through to the disambiguation question, unchanged)
PASS  old ASCII \b sanity check (proves \b itself works fine for ASCII — the bug is Arabic-specific, not a regex-engine issue)

✓ region_or_city Arabic-boundary fix verified — city-only/region-only intent detection works, twin-name traps correctly excluded, regionPin no longer conflated with the whole-region case

Rent period «both» — union-of-known-periods, monthly sources in scope, one price basis, real mix

PASS  SearchQuery.rentPeriod admits 'both'
PASS  rentPeriodParam maps 'both' → 'كلاهما' (a real token, NOT null)
PASS  migration defines the كلاهما branch as monthly-OR-annual (a true union)
PASS  migration excludes كلاهما from the passthrough branch (no double-match)
PASS  migration needle-edits from the LIVE body and aborts rather than rewriting blind
PASS  migration patches all THREE readers (counts must match results)
PASS  resTables adds the monthly-only sources for 'both', not just 'monthly'
PASS  candidate-level period filter has an explicit 'both' branch
PASS  resTables treats Buy+Rent COMBINED as wanting monthly (no period selector to ask with)
PASS  resTables' deal gate admits dealCombined, not only a single-deal Rent search
PASS  priceFilter reads a 'both' budget on the annual basis (no ×12 heuristic fallthrough)
PASS  agentPriceCapAnnual returns a 'both' budget unscaled (already annual)
PASS  orderByScope takes a mixPeriods flag and nests 'period' INSIDE platform
PASS  the diversity key reads the listing's own rentPeriod
PASS  remote.ts turns mixing on only for an actual both-search
PASS  the Filter offers ONLY two period buttons (سنوي/شهري) — no third «Both» button in the UI
PASS  both toggle buttons route through togglePeriodButton (one canonical transition function)
PASS  city/district pools use the SAME 'شهري'/'سنوي'/'كلاهما' token as the results RPC, never a bare boolean
PASS  the old boolean-scoped 'both → null' Trending gap is gone
PASS  monthly period hint has an Arabic translation (no English key leak)
PASS  yearly period hint has an Arabic translation (no English key leak)
PASS  both period hint has an Arabic translation (no English key leak)
PASS  the 'both' hint no longer re-explains what selecting both buttons already means (owner feedback 2026-08-22)
PASS  period hints never assert a contract/lease length (owner 2026-08-14)
PASS  the Monthly note is the OWNER-EXACT wording (2026-08-18): «الأسعار معروضة بالشهر» — price basis only, never a contract-length claim
PASS  'Both' and the both-verb are translated

✓ rent-period «both» intact: true union, monthly sources in scope, annual price basis, mixed output

PASS  annual → tap شهري → both
PASS  monthly → tap سنوي → both
PASS  both → tap سنوي (turn it off) → monthly
PASS  both → tap شهري (turn it off) → annual
PASS  two-tap sequence annual → both (tap شهري)
PASS  two-tap sequence both → monthly (tap سنوي off): reaches شهري-only from سنوي-only
PASS  annual-only: tapping سنوي again is a no-op (can't reach zero-selected)
PASS  monthly-only: tapping شهري again is a no-op (can't reach zero-selected)
PASS  both: tapping سنوي (already on) turns OFF سنوي only, شهري survives
PASS  both: tapping شهري (already on) turns OFF شهري only, سنوي survives
PASS  validRentPeriod accepts all three real tokens
PASS  validRentPeriod rejects garbage strings (never lets an invalid value through)
PASS  validRentPeriod rejects undefined/null (caller supplies its own default)
PASS  validRentPeriod rejects a stray boolean/number (defends against a corrupted persisted value)
PASS  sanitizeForFilterRestore falls back to a valid default when the restored rentPeriod is garbage
PASS  sanitizeForFilterRestore still passes through a genuinely valid restored rentPeriod

✓ rent-period toggle buttons intact: every owner-specified transition reaches the right state, zero-selected unreachable

PASS  sync_payment_monthly() is defined by at least one migration in the repo
      (effective definition: 20260810133524_rent_period_rnpl_rows_are_annual_not_unreachable.sql)
PASS  1. PLATFORM NAME never decides the period — no `platform in (...)` in the body
PASS  1b. …and no platform is named at all in the body
PASS  2. the period comes from the row's OWN recorded rent_period_ar
PASS  2b. RNPL is excluded from the row itself (fleet-wide), not via a per-platform join
PASS  2c. no single-platform join is used to source the RNPL flag
PASS  2d. Monthly still requires a RENTAL (deal = إيجار)
PASS  2e. enforce_price_size_sanity() is defined by a migration in the repo
PASS  2f. the trigger NEVER force-sets payment_monthly := true unconditionally
PASS  2g. the trigger applies the SAME RNPL predicate as sync_payment_monthly()
PASS  2h. the trigger still maps سنوي → not monthly
PASS  2i. location_search_candidates_ar: the شهري bucket excludes rent_now_pay_later (effective replay body)
PASS  2i. apartment_guided_counts_ar: the شهري bucket excludes rent_now_pay_later (effective replay body)
PASS  2i. property_age_option_counts_ar: the شهري bucket excludes rent_now_pay_later (effective replay body)
PASS  2j. refresh_rnpl_flags() names no platform tables (fleet-wide, discovers them)
PASS  2j2. …and discovers source tables from the catalog instead
PASS  3. souq24 converts a source MONTHLY price to the annual storage unit (×12)
PASS  3b. souq24 stores an ANNUAL source price unchanged
PASS  3c. souq24 no longer writes the raw price straight into price_annual
PASS  3d. daily/weekly are NOT annualised (no ×365 / ×52 invention)
PASS  3e. gathern keeps the monthly×12 storage convention
PASS  3e. aqarmonthly keeps the monthly×12 storage convention
PASS  4. the search RPC buckets شهري on s.payment_monthly (the audited flag)
PASS  4b. the search RPC never buckets a rent period by platform name

✓ rental period = source truth — no platform-name manufacture, RNPL excluded fleet-wide, ×12 is storage-only


Every data repair must ship with something that watches it

PASS  enforcement baseline sits at or after the strict era (20260823000000)
PASS  every NEW listing repair is watched by a detector or explicitly waived (14 in-era repairs)
PASS  the pre-rule backlog is exactly the 7 known files (no backdating past the baseline)

  NOTE  7 listing repairs predate this rule and remain unwatched — visible, not forgiven:
          20260815063640_senior_run21_price_source_verified_and_aqar_ppm_copy_repair.sql
          20260815072254_aqar_rent_period_probed_verdict_repair_and_rent_period_text_barrier.sql
          20260817225546_retract_dealapp_misclassified_residential_duplicates.sql
          20260820205258_aqar_commercial_amenity_source_probe_and_defabrication.sql
          20260821224203_retract_road_name_city_aqarcity_4573610.sql
          20260822063503_retract_unpublished_price_aqar_6686450.sql
          20260822072730_restore_four_source_live_gathern_listings.sql
PASS  no waiver is left without a reason
PASS  the 2026-07-21 aqarmonthly backfill is still classified repair-and-unguarded (the fixture)
PASS  its 2026-08-23 replacement IS classified as guarded

  mutation proof — the classifier must not be fooled

  PASS  a bare backfill is flagged as an unguarded repair
  PASS  a repair inside a do-block still counts as executed
  PASS  an UPDATE merely DEFINED in a function body is not a repair
  PASS  a repair that ships a detector passes
  PASS  bookkeeping and config writes are not "repairs" (they cannot be re-scraped over)
  PASS  every listing-table shape is recognised
  PASS  a detector named only in a COMMENT does not count as guarding
  PASS  the era filter actually excludes pre-baseline files
  PASS  a backdated unguarded repair cannot hide below the baseline

✓ 14 in-era data repairs, all watched


The browse cap is a cap, never a fake result count

PASS  BROWSE_CAP is 100
PASS  trueTotal 0 → reachable 0
PASS  trueTotal 0 → never browses past the cap
PASS  trueTotal 0 → fully loaded means no "load more"
PASS  trueTotal 0 (≤cap) → end says ALL, stating the TRUE total
PASS  trueTotal 1 → reachable 1
PASS  trueTotal 1 → never browses past the cap
PASS  trueTotal 1 → fully loaded means no "load more"
PASS  trueTotal 1 (≤cap) → end says ALL, stating the TRUE total
PASS  trueTotal 8 → reachable 8
PASS  trueTotal 8 → never browses past the cap
PASS  trueTotal 8 → fully loaded means no "load more"
PASS  trueTotal 8 (≤cap) → end says ALL, stating the TRUE total
PASS  trueTotal 24 → reachable 24
PASS  trueTotal 24 → never browses past the cap
PASS  trueTotal 24 → fully loaded means no "load more"
PASS  trueTotal 24 (≤cap) → end says ALL, stating the TRUE total
PASS  trueTotal 25 → reachable 25
PASS  trueTotal 25 → never browses past the cap
PASS  trueTotal 25 → fully loaded means no "load more"
PASS  trueTotal 25 (≤cap) → end says ALL, stating the TRUE total
PASS  trueTotal 26 → reachable 26
PASS  trueTotal 26 → never browses past the cap
PASS  trueTotal 26 → fully loaded means no "load more"
PASS  trueTotal 26 (≤cap) → end says ALL, stating the TRUE total
PASS  trueTotal 46 → reachable 46
PASS  trueTotal 46 → never browses past the cap
PASS  trueTotal 46 → fully loaded means no "load more"
PASS  trueTotal 46 (≤cap) → end says ALL, stating the TRUE total
PASS  trueTotal 99 → reachable 99
PASS  trueTotal 99 → never browses past the cap
PASS  trueTotal 99 → fully loaded means no "load more"
PASS  trueTotal 99 (≤cap) → end says ALL, stating the TRUE total
PASS  trueTotal 100 → reachable 100
PASS  trueTotal 100 → never browses past the cap
PASS  trueTotal 100 → fully loaded means no "load more"
PASS  trueTotal 100 (≤cap) → end says ALL, stating the TRUE total
PASS  trueTotal 101 → reachable 100
PASS  trueTotal 101 → never browses past the cap
PASS  trueTotal 101 → fully loaded means no "load more"
PASS  trueTotal 101 (>cap) → end says CAPPED: true total 101, shown 100
PASS  trueTotal 437 → reachable 100
PASS  trueTotal 437 → never browses past the cap
PASS  trueTotal 437 → fully loaded means no "load more"
PASS  trueTotal 437 (>cap) → end says CAPPED: true total 437, shown 100
PASS  trueTotal 2223 → reachable 100
PASS  trueTotal 2223 → never browses past the cap
PASS  trueTotal 2223 → fully loaded means no "load more"
PASS  trueTotal 2223 (>cap) → end says CAPPED: true total 2223, shown 100
PASS  trueTotal 11438 → reachable 100
PASS  trueTotal 11438 → never browses past the cap
PASS  trueTotal 11438 → fully loaded means no "load more"
PASS  trueTotal 11438 (>cap) → end says CAPPED: true total 11438, shown 100
PASS  8 matches → closing total is 8, NEVER 100
PASS  24 matches → closing total is 24, NEVER 100
PASS  46 matches → closing total is 46, NEVER 100
PASS  99 matches → closing total is 99, NEVER 100
PASS  46 matches, 10 shown → "more" (34 still reachable)
PASS  2223 matches, 40 shown → "more"
PASS  2223 matches, 100 shown → cap reached, NO more (stops paging at the cap)
PASS  shown can never be reported above the cap even if a caller over-reveals
PASS  the closing block derives counts from resultCounts() (single source of truth)
PASS  the load-more gate enforces the cap (cur >= BROWSE_CAP → stop)
PASS  the reveal step is clamped to BROWSE_CAP
PASS  the hardcoded «100 at a time» caption is gone (it read as a result count)
PASS  the closing message never states fetched/listings.length as the total
PASS  MUTATION: an uncapped reachable (=trueTotal) is caught by this test

✓ the browse cap is min(trueTotal, 100); the closing message always states the true total


RNPL/Monthly guard — asserted against the REPLAYED final state of each function

PASS  replay resolves location_search_candidates_ar to a single effective body
      (audited exception: 20260822141945_top_cities_by_deal_ar_understands_advanced_filter.sql — audited 2026-08-22 (mine, read line by line): makes the trending CITY chip RPC advanced-filter aware. ZERO literal occurrences of payment_monthly and ZERO of rent_now_pay_later/rnpl/RNPL in the file (verified by grep), and ZERO redefinitions of location_search_candidates_ar or any other tracked RPC. Its ONLY DDL is `drop function ... top_cities_by_deal_ar(text,text,text,text[])` followed by `create function public.top_cities_by_deal_ar(...)` — one function, not on the replayed list. It is uninterpretable to the replayer for the same reason several entries below are: the body is BUILT AT APPLY TIME rather than written literally, here by concatenating af_eligibility_clause() with the CTE block read out of af_eligible_count via pg_get_functiondef(). Both of those are READ, never redefined. That construction is the whole point — it is what makes the chip count and the results RPC agree byte-for-byte instead of by hand-copy — so landing an explicit CREATE OR REPLACE here would inline a fourth copy of the predicate and reintroduce exactly the drift this guard exists to catch. The RNPL/Monthly predicates therefore reach the new function ONLY through that canonical clause, unchanged, and mon_detect_af_count_surfaces_carry_af asserts the byte-identity live every sweep.)
PASS  replay resolves apartment_guided_counts_ar to a single effective body
PASS  replay resolves property_age_option_counts_ar to a single effective body
PASS  replay resolves sync_payment_monthly to a single effective body
PASS  replay resolves enforce_price_size_sanity to a single effective body
PASS  READ  location_search_candidates_ar: شهري bucket is defined by payment_monthly (write-side guard covers it)
PASS  READ  apartment_guided_counts_ar: شهري bucket is defined by payment_monthly (write-side guard covers it)
PASS  READ  property_age_option_counts_ar: شهري bucket is defined by payment_monthly (write-side guard covers it)
PASS  WRITE sync_payment_monthly: RNPL excluded from the row itself
PASS  WRITE sync_payment_monthly: no platform name decides the period
PASS  WRITE trigger never force-sets payment_monthly := true unconditionally
PASS  WRITE trigger: if it sets payment_monthly at all, it honours RNPL
PASS  counts RPCs and the results RPC share one identical شهري predicate
PASS  replay resolves refresh_rnpl_flags
PASS  refresh_rnpl_flags names no platform tables (fleet-wide)
PASS  refresh_rnpl_flags discovers source tables from the catalog

✓ RNPL guard present in the replayed final state of every reader and writer

room-bedrooms-not-a-predicate: غرفة’s auto "1" is a label, never a filter

  PASS  غرفة alone is a Room-only selection
  PASS  غرفة + شقة is NOT Room-only (bedroom chips are fully available again → stay strict)
  PASS  شقة alone is not Room-only
  PASS  no selection is not Room-only
  PASS  غرفة + auto-selected "1" → NO bedroom tokens (the whole bug)
  PASS  شقة + "3" → still filters on 3
  PASS  فيلا + "5+" → still filters on 5+
  PASS  multi-select "2","4" → both kept
  PASS  group level (no type) + "3" → still filters
  PASS  غرفة + شقة + "1" → still filters (chips are choosable again, so "1" IS a choice)
  PASS  غرفة + explicit detail "2" (agent) → still filters on 2
  PASS  single-select type + non-bedroom detail (e.g. مكتب "3" = size) → no bedroom tokens
  PASS  single-select bedroom type + detail "3" → filters on 3
  PASS  garbage bedroom token is ignored
  PASS  src/data/search.ts imports the shared rule from src/lib/roomBedrooms.ts
  PASS  bedroomTokens() is a thin adapter over the shared rule (no second copy of the logic)
  PASS  src/app/index.tsx still locks the displayed chip to «1» for غرفة (owner rule 2026-07-06 unchanged)

✅ room-bedrooms-not-a-predicate: passed.
PASS  at least one migration defines location_search_candidates_ar (found 23)
PASS  20260728140000_type_label_compound_and_annual_rent_strictness.sql: needle found in accumulated body ((p_rent_period = 'سنوي' and s.payment_monthly = fa...)
PASS  20260728210000_search_rpc_bedrooms_exclusivity_percount_fix_and_limit_guard.sql: needle found in accumulated body ((coalesce(cardinality(p_beds_exact), 0) = 0 and p_...)
PASS  20260728210000_search_rpc_bedrooms_exclusivity_percount_fix_and_limit_guard.sql: needle found in accumulated body (m.effective_price, m.area_m2, m.bedrooms, ...)
PASS  20260728210000_search_rpc_bedrooms_exclusivity_percount_fix_and_limit_guard.sql: needle found in accumulated body (select t.source_table, t.listing_id, t.platform, t...)
PASS  20260728210000_search_rpc_bedrooms_exclusivity_percount_fix_and_limit_guard.sql: needle found in accumulated body (limit p_limit offset greatest(p_offset, 0)...)
PASS  20260810195452_location_predicate_indexable_scalar_array_form.sql: needle found in accumulated body (normalize_ar(s.city_ar) in (select tok from city_t...)
PASS  20260810195452_location_predicate_indexable_scalar_array_form.sql: needle found in accumulated body (s.city_id in (select city_id from city_ids)...)
PASS  20260810195452_location_predicate_indexable_scalar_array_form.sql: needle found in accumulated body (norm_district_tok(s.district_ar) in (select tok fr...)
PASS  20260818012640_district_bridge_ambiguity_guard.sql: needle found in accumulated body (district_tokens as ( select norm_district_tok(...)

→ effective location_search_candidates_ar definition after replay: 20260818012640_district_bridge_ambiguity_guard.sql
  (23 migration(s) define/patch it: 20260715_property_age_advanced_filter.sql, 20260716_batch4_rpc_drop_dead_sort.sql, 20260716_property_age_strict_5_buckets.sql, 20260716091736_add_category_purity_and_district_city_resolver.sql, 20260716221011_rpc_rent_period_uses_payment_monthly.sql, 20260717_search_newest_first_nulls_last.sql, 20260717101506_reapply_payment_monthly_rent_period_after_pr120_revert.sql, 20260717102000_reapply_payment_monthly_rent_period.sql, 20260720231208_search_rpc_strict_bathrooms_and_amenity_tokens.sql, 20260720232408_revert_broken_p_cities_p_districts_precedence_bug.sql, 20260721105222_harden_search_category_purity_both_macro_types.sql, 20260723150000_furnished_null_strict_and_rpc_drift_reconcile.sql, 20260727114133_strict_null_advanced_filters_and_amenity_vocab.sql, 20260727122942_add_p_sort_by_to_location_search_candidates_ar.sql, 20260728140000_type_label_compound_and_annual_rent_strictness.sql, 20260728210000_search_rpc_bedrooms_exclusivity_percount_fix_and_limit_guard.sql, 20260806172859_platform_diversity_round_robin_ordering.sql, 20260810195452_location_predicate_indexable_scalar_array_form.sql, 20260815020228_af_rpc_replay_checkpoint.sql, 20260815021440_af_rpc_replay_checkpoint_2.sql, 20260815223522_af_rpc_replay_checkpoint_3.sql, 20260815234504_af_rpc_replay_checkpoint_4.sql, 20260818012640_district_bridge_ambiguity_guard.sql)

PASS  effective RPC keeps: rent-period buckets on payment_monthly (payment SCHEDULE, not lease length)
PASS  effective RPC keeps: category purity via known_type_ar
PASS  effective RPC keeps: newest-first ordering uses NULLS LAST
PASS  effective RPC keeps: furnished filter is NULL-strict (consistent with the amenities furnished token)
PASS  effective RPC keeps: tenant filter is NULL-strict
PASS  effective RPC keeps: directions filter is NULL-strict and vocabulary-canonicalized (norm_direction_ar on BOTH sides)
PASS  effective RPC keeps: street-width filter is NULL-strict (street_width_m IS NOT NULL required)
PASS  effective RPC keeps: floor filter is NULL-strict (floor_number IS NOT NULL required)
PASS  effective RPC keeps: amenity token 'rent_now_pay_later' is an explicit alias of 'rnpl'
PASS  effective RPC keeps: unknown amenity tokens fail CLOSED (vocabulary guard present)
PASS  effective RPC keeps: bedrooms filter is the guarded tri-arm union (no-filter / exact-any / min), exact ∪ min DELIBERATE
PASS  effective RPC keeps: per-platform total_count is computed pre-cap (same window pass as row_number, before rn <= p_per_platform)
PASS  effective RPC keeps: p_limit is clamped non-negative (greatest(p_limit, 0)), matching the existing p_offset guard
PASS  effective RPC keeps: PLATFORM DIVERSITY: the default branch computes a per-platform round-robin rank (div_rank)
PASS  effective RPC keeps: PLATFORM DIVERSITY: div_rank leads the tie-break in the default branch (before recency)
PASS  effective RPC keeps: PLATFORM DIVERSITY: the outer union ORDER BY honours div_rank too
PASS  effective RPC keeps: PLATFORM DIVERSITY: objective sorts are excluded from diversification
PASS  effective RPC does NOT reintroduce: stale rent-period clause (rent_period_ar + hardcoded platform in ('gathern','aqarmonthly'))
PASS  effective RPC does NOT reintroduce: NULL-permissive furnished predicate (Bug C regression)
PASS  effective RPC does NOT reintroduce: NULL-permissive tenant predicate
PASS  effective RPC does NOT reintroduce: NULL-permissive directions predicate
PASS  effective RPC does NOT reintroduce: NULL-permissive street-width predicate
PASS  effective RPC does NOT reintroduce: NULL-permissive floor predicate
PASS  effective RPC does NOT reintroduce: bedrooms CASE-exclusive form (reverts the deliberate exact ∪ min union)
PASS  effective RPC does NOT reintroduce: per-platform total_count computed post-cap (over the diversification-capped rowset)
PASS  effective RPC does NOT reintroduce: p_limit unclamped (bare "limit p_limit", no greatest() guard)

✓ RPC clause invariants hold — no migration drops a required clause
PASS  rpcFilterParams forwards q.sort as p_sort_by for RPC-supported keys
PASS  RPC_SORT_KEYS covers exactly the 6 server-supported sort keys (no ppm, no newest)
PASS  ppm_asc/ppm_desc are NOT in RPC_SORT_KEYS (still client-side-only, unchanged)
PASS  no client-side last_updated-DESC re-sort can clobber an objective RPC sort (the page-0 seed is GONE)
PASS  p_sort_by for SortKey "newest" -> undefined
PASS  p_sort_by for SortKey "oldest" -> "oldest"
PASS  p_sort_by for SortKey "price_asc" -> "price_asc"
PASS  p_sort_by for SortKey "price_desc" -> "price_desc"
PASS  p_sort_by for SortKey "area_asc" -> "area_asc"
PASS  p_sort_by for SortKey "area_desc" -> "area_desc"
PASS  p_sort_by for SortKey "ppm_asc" -> undefined
PASS  p_sort_by for SortKey "ppm_desc" -> undefined
PASS  p_sort_by for SortKey "beds_desc" -> "beds_desc"
PASS  undefined sort (no explicit sort at all) forwards nothing

✓ RPC price/area/beds/oldest server-side sort fix verified

Field-level Safety Barrier — asserted against the LIVE database

PASS  barrier state is present and fresh (< 48h)
PASS  no manufactured negatives (false with zero true anywhere on the platform)
PASS  no DEFAULT on any attribute column
PASS  Annual Rent -> Apartment still carries RNPL unknowns (tri-state intact)
PASS  RNPL "yes" side preserved (the honesty fix must not remove real offers)
PASS  no RNPL listing sits inside the Monthly bucket (annual+instalments ≠ monthly rental)
PASS  the Monthly bucket is non-empty (the check above must not pass by emptiness)

✓ Safety Barrier intact — no invented negatives, no column defaults

PASS  fixture 1 (carousel-first): url_ad_number derived correctly
PASS  fixture 1: OLD buggy _extract_obj reproduces the bug — grabs the FIRST carousel card (wrong ad)
PASS  fixture 1: NEW _extract_obj_for_url picks the object matching the URL (correct ad)
PASS  fixture 1: fix actually changes the outcome vs. the buggy path (not a no-op)
PASS  fixture 2 (primary-first): OLD happens to be right here (race went the other way)
PASS  fixture 2: NEW is right regardless of stream order
PASS  fixture 3 (no match in stream): OLD buggy path silently returns a WRONG object instead of failing
PASS  fixture 3: NEW fails LOUD (returns None) instead of silently keeping a mismatched object
PASS  _url_ad_number tolerates a trailing slash

✓ all sanadak-rsc-object-match assertions passed
=== LAYER A: static source check (scrapers/satel/run.py) ===
PASS  listing_url is built from `pnum` (propertyNumber), with an `_id` fallback
PASS  the OLD slug-based listing_url construction is gone (no regression)
PASS  `pnum` is derived from the API's `propertyNumber` field

=== LAYER B: fixture reproduction (frozen 2026-07-14 capture) ===
PASS  A0212: old slug-based URL differs from new propertyNumber-based URL (bug is real, not a no-op)
PASS  A0212: new URL matches the live-verified URL (Annual = SAR 115,000 (matches stored price_annual=115000))
PASS  A0212: new URL matches the required propertyNumber-keyed format
PASS  A0177: old slug-based URL differs from new propertyNumber-based URL (bug is real, not a no-op)
PASS  A0177: new URL matches the live-verified URL (Annual = SAR 140,000)
PASS  A0177: new URL matches the required propertyNumber-keyed format
PASS  C0052: old slug-based URL differs from new propertyNumber-based URL (bug is real, not a no-op)
PASS  C0052: new URL matches the live-verified URL (Annual = SAR 73,000)
PASS  C0052: new URL matches the required propertyNumber-keyed format
PASS  C0072: old slug-based URL differs from new propertyNumber-based URL (bug is real, not a no-op)
PASS  C0072: new URL matches the live-verified URL (Rent for ... SAR 80,000 / annual)
PASS  C0072: new URL matches the required propertyNumber-keyed format
PASS  C0075: old slug-based URL differs from new propertyNumber-based URL (bug is real, not a no-op)
PASS  C0075: new URL matches the live-verified URL (Rent for ... SAR 70,000 / annual)
PASS  C0075: new URL matches the required propertyNumber-keyed format
PASS  V0044: old slug-based URL differs from new propertyNumber-based URL (bug is real, not a no-op)
PASS  V0044: new URL matches the live-verified URL (Annual = SAR 200,000)
PASS  V0044: new URL matches the required propertyNumber-keyed format
PASS  C0055: old slug-based URL differs from new propertyNumber-based URL (bug is real, not a no-op)
PASS  C0055: new URL matches the live-verified URL (stored price_annual=110000, consistent with the same propertyNumber-keyed rule)
PASS  C0055: new URL matches the required propertyNumber-keyed format

✓ listing_url is built from propertyNumber (not slug) in source, and all 7 frozen fixtures reproduce + resolve the bug correctly
PASS  distinct saved search — «سنوي» ≠ «شهري»
PASS  distinct saved search — «سنوي» ≠ «كلاهما»
PASS  distinct saved search — «شهري» ≠ «كلاهما»
PASS  distinct saved search — «إيجار» ≠ «إيجار + شراء»
PASS  distinct saved search — «شراء» ≠ «إيجار»
PASS  distinct saved search — المدينة
PASS  distinct saved search — الحي
PASS  distinct saved search — نوع العقار
PASS  distinct saved search — مجموعة العقار
PASS  distinct saved search — الفئة
PASS  distinct saved search — السعر
PASS  distinct saved search — المساحة
PASS  distinct saved search — غرف النوم
PASS  distinct saved search — AF: التأثيث
PASS  distinct saved search — AF: المميزات
PASS  distinct saved search — AF: دورات المياه
PASS  distinct saved search — AF: التقييم
PASS  distinct saved search — AF: عدد التقييمات
PASS  distinct saved search — AF: نوع الوحدة
PASS  distinct saved search — AF: عرض الشارع
PASS  distinct saved search — AF: الواجهة
PASS  distinct saved search — AF: عمر العقار
PASS  distinct saved search — AF: جديد
PASS  distinct saved search — المنصات
PASS  same search de-dupes (identical)
PASS  same search de-dupes (key order)
PASS  undefined and absent are the same "not set"
PASS  null and absent are the same "not set"
PASS  empty array and absent are the same "no selection"
PASS  trailing whitespace in المدينة is not a different search
PASS  حي order does not matter (A+B === B+A)
PASS  a moving district count does not fork an entry
PASS  resolver detail (locationMatch) does not fork an entry
PASS  SearchQuery field list was parsed
PASS  every SearchQuery field is compared or explicitly ignored
PASS  ignored key 'districtListingCount' still exists on SearchQuery (stale ignore entry)
PASS  ignored key 'districtListingCount' carries a written justification
PASS  ignored key 'locationMatch' still exists on SearchQuery (stale ignore entry)
PASS  ignored key 'locationMatch' carries a written justification
PASS  ignored key 'districtLabel' still exists on SearchQuery (stale ignore entry)
PASS  ignored key 'districtLabel' carries a written justification
PASS  ignored key 'priceOriginal' still exists on SearchQuery (stale ignore entry)
PASS  ignored key 'priceOriginal' carries a written justification
PASS  the old comparison collapsed all 14 period/deal/AF cases (proof the fix is load-bearing)
PASS  B1. store uses the shared identity function (no second hand-rolled comparison)
PASS  B2. the persistence effect was located
PASS  B2a. logged-out: the persistence effect returns early for a guest — nothing is written
PASS  B2b. logged-out: the persistence effect derives its key from a signed-in user ONLY
PASS  B2c. no code path anywhere writes the anonymous bucket
PASS  B3. logged-out: any pre-existing anonymous bucket is purged, not adopted
PASS  B4. logged-in: history is persisted under the per-account key
PASS  B5. logged-in: star/delete write-through is also signed-in only
PASS  B6. refresh re-reads the account bucket on launch (history survives reload)
PASS  B7. storage is keyed per account (never one shared history key)
PASS  B8. the legacy shared key is still purged (it was the cross-account leak)
PASS  B9. hydration re-runs when the ACCOUNT changes, not once per mount
PASS  B10. switching account clears the previous account’s chats before loading
PASS  B11. an in-flight read cannot land under a different account
PASS  B12. reopening a saved search replays the FULL stored query
PASS  B13. reopening a saved search restores its saved results snapshot (hid)
PASS  B14. the saved entry stores the whole query, not a summary

✅ saved-search-identity: passed.
verify-scrape-run-finalized-on-kill: a job killed at its CI timeout must still close
  its scrape_runs row (finally: does not run on a signal).
  ✓ handler re-raised the signal so the process still dies as the runner expects — signal=SIGTERM status=null
  ✓ begin_run opened a scrape_runs row
  ✓ the SIGTERM handler wrote a finalizing UPDATE to scrape_runs
  ✓ it closes the run as ok=false (never true — the run really was cut short)
  ✓ it stamps finished_at so the row is no longer dangling
  ✓ it does NOT invent rows_seen / rows_upserted
  ✓ the note says the job was killed before end_run()
  ✓ it targets the row this process opened
  ✓ it is conditional on `ok is null`, so a normally-finalized run can never be overwritten
  ✓ begin_run() reconciles this platform's orphaned stubs before opening a new run
  ✓     reconciliation is scoped to the exact platform string (parallel shards never race)
  ✓     it only touches rows with finished_at null
  ✓     it only touches stubs older than the cutoff (a running sibling is never closed)
  ✓     it closes them ok=false, never true
  ✓     it does NOT invent rows_seen / rows_upserted
  ✓ db.py declares ORPHAN_RUN_HOURS
    orphan cutoff 12h vs longest workflow budget 330m
  ✓ the orphan cutoff comfortably exceeds the longest workflow timeout-minutes — 720m > 495m
  ✓ end_run() clears _OPEN_RUN so a shutdown SIGTERM cannot re-write a closed run
  ✓ begin_run() arms the handler
  ✓ the handler only replaces a DEFAULT disposition (never stomps a caller-installed handler)
  ✓ aqar-deep-fill declares a per-job timeout-minutes
    deep-fill budget 150m vs slowest observed shard 90.3m
  ✓ the deep-fill budget exceeds the slowest shard actually observed — 150m
    scraper-launching steps checked: 33
  ✓ every scraper-launching workflow step uses `exec` so the kill signal reaches python, not bash — 33 steps
  ✓ the exec guard still sees the whole scraper fleet — 33 steps

✓ verify-scrape-run-finalized-on-kill: all checks passed.
PASS  taxonomy labels loaded (40 EN→AR)
PASS  scanned a real fleet (219 python files)
PASS  every English type token a scraper emits has a type_label_ar reverse mapping
PASS  'Compound' is mapped (aqargate «مجمع» round-trip, fixed 2026-07-28)

✓ scraper type tokens all round-trip to Arabic

Search is FREE — no auth wall may exist in any search path

PASS  store.tsx declares no `gated` state field
PASS  store.tsx keeps pendingMessage (sign-in must never lose a typed message)
PASS  app/index.tsx: zero navigation to '/auth' (search never routes to sign-in)
PASS  app/index.tsx: no `gated` consumption
PASS  app/agent.tsx: zero navigation to '/auth' (search never routes to sign-in)
PASS  app/agent.tsx: no `gated` consumption
PASS  app/interview.tsx: zero navigation to '/auth' (search never routes to sign-in)
PASS  app/interview.tsx: no `gated` consumption
PASS  agent.tsx: pending-message replay effect still exists (pure recovery)

✓ search is free on every path — no gate flag, no /auth navigation in search code

PASS  city + district blur timers live in refs
PASS  onBlur STORES the timer id (city)
PASS  onBlur STORES the timer id (district)
PASS  city onFocus cancels a pending close FIRST
PASS  district onFocus cancels a pending close
PASS  city suggestion-row press cancels the timer (cityOnPress)
PASS  timers cleared on unmount
PASS  the 150ms delay itself is unchanged (no new delays, no removed debounce)
PASS  districtOnPress cancels the close timer and REFOCUSES the input
PASS  city onFocus with existing text runs the match immediately (cohort-typed)
PASS  district onFocus with existing text runs the match immediately (cohort-typed)
PASS  city dropdown gate includes the zero-state branch
PASS  district dropdown gate includes the zero-state branch
PASS  zero-row derives loading/error from the pool status, empty only when settled
PASS  English typing keeps its OWN message path (zero-row excluded on latin input)
PASS  the error row taps into a real retry (re-ensure, box kept open via refocus)
PASS  locations.ts exports cityPoolStatus/districtPoolStatus
PASS  a settled failure records error AND evicts the promise (retry actually refetches)
PASS  AR dict has «Loading…» with an Arabic, Latin-free value
PASS  AR dict has «Could not load the list — tap to retry» with an Arabic, Latin-free value
PASS  AR dict has «No matching city — pick from the list» with an Arabic, Latin-free value
PASS  AR dict has «No districts available in this city right now» with an Arabic, Latin-free value
PASS  ui.tsx imports runAfterAnimation
PASS  DropdownReveal close hand-off rides runAfterAnimation with a timer fallback
PASS  a reopen cancels the pending unmount (generation guard)
PASS  open/close durations untouched (180/150)
PASS  disabled district tap focuses the city field
PASS  disabled visuals stay (0.5 opacity + «اختر المدينة أولاً» placeholder)
PASS  stable testIDs exist for the E2E barrier

✓ all selector-reliability assertions passed

Sentry routing wired into every routine (owner 2026-08-28)

PASS  docs/ops/SENTRY_ROUTING.md exists
PASS  routing doc identifies itself as canonical, owner-dated 2026-08-28
PASS  routing doc has the §2 ownership table
PASS  ownership table names routine: ⚡ **Junior Scraping**
PASS  ownership table names routine: 🎖️ **Senior Production**
PASS  ownership table names routine: 🛡️ **Data Integrity
PASS  ownership table names routine: 🧪 **Search & Matching QA**
PASS  ownership table names routine: 🎯 **AF + Trending Data Integrity**
PASS  ownership table names routine: 👣 **Journey & Persistence**
PASS  ownership table names routine: 🧵 **Systems Seam**
PASS  routing doc has the tie-breakers section (§2.2)
PASS  routing doc has the unownable / ignore-list section (§2.1)
PASS  routing doc names routine #2 as the triage owner for ambiguous issues
PASS  routing doc has the anti-duplication protocol (§4)
PASS  routing doc names the enablement checklist owner-only steps (§5)
PASS  spec file exists: docs/ops/ENGINEER_ROUTINES.md
PASS  docs/ops/ENGINEER_ROUTINES.md carries the §S SENTRY mandate header (owner-dated 2026-08-28)
PASS  docs/ops/ENGINEER_ROUTINES.md carries the mandate's opening sentence (docs/ops/SENTRY_ROUTING.md reference)
PASS  docs/ops/ENGINEER_ROUTINES.md requires reporting SENTRY ISSUES CLAIMED + RESOLVED in FINAL REPORT
PASS  docs/ops/ENGINEER_ROUTINES.md carries the anti-duplication clause (leave issues owned by another routine alone)
PASS  docs/ops/ENGINEER_ROUTINES.md names routine #2 as the standing triage router for ambiguous issues
PASS  docs/ops/ENGINEER_ROUTINES.md names the "resolve WITHOUT a barrier is a violation" clause
PASS  spec file exists: docs/ops/DATA_INTEGRITY_ENGINEER.md
PASS  docs/ops/DATA_INTEGRITY_ENGINEER.md carries the §S SENTRY mandate header (owner-dated 2026-08-28)
PASS  docs/ops/DATA_INTEGRITY_ENGINEER.md carries the mandate's opening sentence (docs/ops/SENTRY_ROUTING.md reference)
PASS  docs/ops/DATA_INTEGRITY_ENGINEER.md requires reporting SENTRY ISSUES CLAIMED + RESOLVED in FINAL REPORT
PASS  docs/ops/DATA_INTEGRITY_ENGINEER.md carries the anti-duplication clause (leave issues owned by another routine alone)
PASS  docs/ops/DATA_INTEGRITY_ENGINEER.md names routine #2 as the standing triage router for ambiguous issues
PASS  docs/ops/DATA_INTEGRITY_ENGINEER.md names the "resolve WITHOUT a barrier is a violation" clause
PASS  spec file exists: docs/ops/SEARCH_MATCH_QA_ENGINEER.md
PASS  docs/ops/SEARCH_MATCH_QA_ENGINEER.md carries the §S SENTRY mandate header (owner-dated 2026-08-28)
PASS  docs/ops/SEARCH_MATCH_QA_ENGINEER.md carries the mandate's opening sentence (docs/ops/SENTRY_ROUTING.md reference)
PASS  docs/ops/SEARCH_MATCH_QA_ENGINEER.md requires reporting SENTRY ISSUES CLAIMED + RESOLVED in FINAL REPORT
PASS  docs/ops/SEARCH_MATCH_QA_ENGINEER.md carries the anti-duplication clause (leave issues owned by another routine alone)
PASS  docs/ops/SEARCH_MATCH_QA_ENGINEER.md names routine #2 as the standing triage router for ambiguous issues
PASS  docs/ops/SEARCH_MATCH_QA_ENGINEER.md names the "resolve WITHOUT a barrier is a violation" clause
PASS  spec file exists: docs/ops/AF_TRENDING_DATA_INTEGRITY_ENGINEER.md
PASS  docs/ops/AF_TRENDING_DATA_INTEGRITY_ENGINEER.md carries the §S SENTRY mandate header (owner-dated 2026-08-28)
PASS  docs/ops/AF_TRENDING_DATA_INTEGRITY_ENGINEER.md carries the mandate's opening sentence (docs/ops/SENTRY_ROUTING.md reference)
PASS  docs/ops/AF_TRENDING_DATA_INTEGRITY_ENGINEER.md requires reporting SENTRY ISSUES CLAIMED + RESOLVED in FINAL REPORT
PASS  docs/ops/AF_TRENDING_DATA_INTEGRITY_ENGINEER.md carries the anti-duplication clause (leave issues owned by another routine alone)
PASS  docs/ops/AF_TRENDING_DATA_INTEGRITY_ENGINEER.md names routine #2 as the standing triage router for ambiguous issues
PASS  docs/ops/AF_TRENDING_DATA_INTEGRITY_ENGINEER.md names the "resolve WITHOUT a barrier is a violation" clause
PASS  spec file exists: docs/ops/JOURNEY_PERSISTENCE_ENGINEER.md
PASS  docs/ops/JOURNEY_PERSISTENCE_ENGINEER.md carries the §S SENTRY mandate header (owner-dated 2026-08-28)
PASS  docs/ops/JOURNEY_PERSISTENCE_ENGINEER.md carries the mandate's opening sentence (docs/ops/SENTRY_ROUTING.md reference)
PASS  docs/ops/JOURNEY_PERSISTENCE_ENGINEER.md requires reporting SENTRY ISSUES CLAIMED + RESOLVED in FINAL REPORT
PASS  docs/ops/JOURNEY_PERSISTENCE_ENGINEER.md carries the anti-duplication clause (leave issues owned by another routine alone)
PASS  docs/ops/JOURNEY_PERSISTENCE_ENGINEER.md names routine #2 as the standing triage router for ambiguous issues
PASS  docs/ops/JOURNEY_PERSISTENCE_ENGINEER.md names the "resolve WITHOUT a barrier is a violation" clause
PASS  spec file exists: docs/ops/SYSTEMS_SEAM_ENGINEER.md
PASS  docs/ops/SYSTEMS_SEAM_ENGINEER.md carries the §S SENTRY mandate header (owner-dated 2026-08-28)
PASS  docs/ops/SYSTEMS_SEAM_ENGINEER.md carries the mandate's opening sentence (docs/ops/SENTRY_ROUTING.md reference)
PASS  docs/ops/SYSTEMS_SEAM_ENGINEER.md requires reporting SENTRY ISSUES CLAIMED + RESOLVED in FINAL REPORT
PASS  docs/ops/SYSTEMS_SEAM_ENGINEER.md carries the anti-duplication clause (leave issues owned by another routine alone)
PASS  docs/ops/SYSTEMS_SEAM_ENGINEER.md names routine #2 as the standing triage router for ambiguous issues
PASS  docs/ops/SYSTEMS_SEAM_ENGINEER.md names the "resolve WITHOUT a barrier is a violation" clause
PASS  observability wrapper still uses EXPO_PUBLIC_SENTRY_DSN gate (no-DSN → no-op)
PASS  routing doc references the same env var as the wrapper

✓ Sentry routing wired: all 7 routines carry the mandate, ownership is unambiguous, closing without a barrier is a contract violation

Sidebar chat search — Arabic-only, in-sidebar, read-only

PASS  «hi» sanitises to an empty query and is not searchable
PASS  even UNSANITISED Latin is not searchable (second, independent layer)
PASS  «فيلا hi جدة» → «فيلا جدة» (Latin gone, Arabic predictable)
PASS  Arabic text, Arabic-Indic digits and harmless punctuation survive sanitising
PASS  bare digits or punctuation do NOT start filtering the list
PASS  «أبها» finds «ابها» (normalised comparison, both directions)
PASS  typing «الرياض» finds exactly the Riyadh chat; adding «سكنية» keeps narrowing
PASS  a stray punctuation token never blocks a real match
PASS  no match → empty list (drives the Arabic empty state)
PASS  filtering returns the SAME row objects in the caller’s order and mutates nothing
PASS  the Search button lives at HEADER level — inside brandRow, BEFORE New Chat
PASS  the header button is a quiet ~42px circular target, not a big outlined bar
PASS  NO permanent search field: the ONE input renders only inside the searching branch
PASS  exactly ONE search affordance at a time: the header 🔍 steps aside while searching
PASS  search mode is an in-place morph — input + close carry stable testIDs, no route/modal
PASS  the input’s onChangeText goes through sanitizeArabicSearch
PASS  the hint decision is the pure rule, not re-implemented in the component
PASS  8b.1 typing Latin raises the hint
PASS  8b.2 the hint SURVIVES while the field is still unusable (digits only)
PASS  8b.3 THE REGRESSION: a real Arabic query clears the hint
PASS  8b.4 the full user path — «villa» → hint → «فلل» → gone
PASS  8b.5 clearing the field clears the hint
PASS  8b.6 a keystroke that BOTH strips and searches still nudges («villaف»)
PASS  8b.7 no Latin, no query, no change — the flag is held, not invented
PASS  8b.8 the hint never appears out of nowhere on a clean Arabic session
PASS  closeSearch clears text + flag + mode in one place; Escape and × both ride it
PASS  search filters into the one existing row renderer (no second result-row implementation)
PASS  opening a result exits search mode via the shared openHistory
PASS  search never writes: the search block calls no history mutators and records nothing
PASS  all five search strings have their Arabic translations registered
PASS  every user-facing search string renders through t() (no hardcoded copy)
PASS  the empty state is the Arabic key — never a literal "No results"
PASS  the headerless Results group cannot leak a literal English header
PASS  the morph is a ~180ms timing gated on reduced motion — no layout jump machinery

  mutation proof — each guard must FAIL on its own defect

  PASS  catches: a sanitiser that lets Latin through would still be stopped by the searchable gate
  PASS  catches: an OR-matcher would be caught (query «الرياض سكنية» must NOT match «فلل سكنية جدة»)
  PASS  catches: a raw (unnormalised) matcher would be caught («أبها» vs «ابها»)
  PASS  catches: the Search button losing its testID
  PASS  catches: a permanent second field creeping back in (two inputs)
  PASS  catches: the header 🔍 staying visible during search (two affordances at once)
  PASS  catches: the input bypassing the sanitiser
  PASS  catches: close forgetting to clear the text (stale query on reopen)
  PASS  catches: openHistory dropping the search-mode exit
  PASS  catches: a second result-row implementation appearing (duplicate open path)
  PASS  catches: the Arabic empty state replaced with English
  PASS  catches: the Results header leaking as literal English

✓ sidebar chat search: Arabic-only, in-sidebar, read-only — all pinned


drag-to-Favorites (owner 2026-08-25)

PASS  a Recent row carried up past the bucket top (beyond the threshold) means STAR
PASS  a Recent row dropped AT its bucket top is a position drop, never a surprise star
PASS  a Starred row carried down past the bucket bottom means UNSTAR
PASS  a Starred row dropped AT its bucket bottom is a position drop
PASS  the wrong directions never cross (up out of Starred / down out of Recent lead nowhere)
PASS  crossing from the MIDDLE of Recent still stars (threshold measured from the bucket edge, not the row)
PASS  degenerate geometry (no row height / empty bucket) never crosses
PASS  the threshold is a deliberate overshoot (more than half a row)
PASS  starring sets the flag and lands the row at the TOP of Favorites
PASS  star/position ONLY — every other field byte-identical, same ids, same length
PASS  unstarring lands the row at the TOP of Recent
PASS  unknown id and no-op state change return the list untouched
PASS  mutation: exactly at the threshold does NOT cross (strict inequality)
PASS  the drag transform computes cross intent from the PURE rule (no inline math)
PASS  overshoot room opens ONLY toward the other bucket (Recent up, Starred down)
PASS  a crossing drop commits star/unstar (starHistory), an in-bucket drop still commits position (reorderHistory)
PASS  the drop announces the star change to screen readers (both directions, Arabic-translated)
PASS  i18n: both announcements exist in Arabic
PASS  i18n: the section and menu speak the user’s language — المفضلة
PASS  an empty Favorites section renders its header as a drop target DURING a Recent drag only
PASS  the target section glows while the row is past the edge (visible meaning before the drop)
PASS  store: starHistory routes through the pure applyStarMove with the same synchronous persist
PASS  the ⋯ menu star path is untouched (tap-to-star still works alongside drag)

✓ drag-to-Favorites: crossing stars/unstars deliberately, position drops stay position-only

Sidebar interaction color — light at rest, dark green on interaction

PASS  New Chat DEFAULT fill is the light tint (never primary/dark at rest)
PASS  New Chat hover/focus/press fill is the dark green
PASS  New Chat text is dark-green at rest and flips to white with the fill (children-as-function)
PASS  the hover state also covers keyboard focus
PASS  row hover/press fill is dark green with a white label
PASS  web hover reverts on mouseleave; touch press ALWAYS clears on pressOut (never sticks)
PASS  the SELECTED chat never takes the hover fill (current ≠ hovered, structurally)
PASS  selected and hover are different colors entirely (light persistent vs dark interactive)
PASS  header 🔍 is neutral at rest with a soft tint wash on hover — never permanently dark
PASS  New Chat and rows ride the shared 160ms background transition (no spring/bounce)
PASS  CONTRAST New Chat rest: dark-green text on tint — 9.14:1 (≥ 4.5)
PASS  CONTRAST New Chat hover: white text on dark green — 10.06:1 (≥ 4.5)
PASS  CONTRAST row hover: white label on dark green — 10.06:1 (≥ 4.5)
PASS  CONTRAST selected row: ink label on light highlight — 13.93:1 (≥ 4.5)

  mutation proof — each guard must FAIL on its own defect

  PASS  catches: New Chat going permanently dark again (the exact regression the owner rejected)
  PASS  catches: the hover state being deleted
  PASS  catches: mouseleave no longer reverting the row hover
  PASS  catches: a sticky mobile press (pressOut no longer clearing)
  PASS  catches: the selected row taking the hover fill (current == hovered confusion)
  PASS  catches: an unreadable pair slipping past the contrast math (tint-on-tint)
  PASS  catches: the contrast function itself being broken (white-on-dark must be high, not ~1)

✓ light at rest, dark green on interaction — hierarchy + contrast pinned

PASS  1. single click opens the saved chat
PASS  2. double-click enters rename mode (its armed open is cancelled, so rename runs instead)
PASS  3. double-click does NOT change route/view (armed open never fires)
PASS  4. double-click does NOT switch to Filter
PASS  5. double-click does NOT switch to Agent
PASS  6. double-click does NOT reset the active chat id (setActiveChat runs only on open)
PASS  7. double-click does NOT clear search/filter/AF/results (setQuery runs only on open)
PASS  8. Enter save is a save (title only)
PASS  9. blur save is a save (title only)
PASS  10. Escape cancels — saves nothing
PASS     two SLOW clicks each still open (no false rename)
PASS  MUTATION PROOF: with the cancel guard removed, double-click WOULD navigate — barrier detects it
PASS  MUTATION PROOF: the real logic does NOT navigate on double-click (barrier is meaningful)
PASS  OPEN_DELAY_MS is a sane single-click delay window

✓ sidebar rename isolation: all assertions passed

Sidebar press-hold-drag reorder — position only, provable by execution

PASS  Journey A — dragging chat #1 below #3 yields #2/#3/#1
PASS  …same chats, same count — nothing duplicated or lost
PASS  …the moved chat changed in POSITION ONLY (query/title/snapshot/ts byte-identical)
PASS  …untouched chats are the SAME OBJECTS (no rewrite, no field churn)
PASS  Journey B/C — the manual order survives serialize → parse (refresh / sidebar reopen)
PASS  a NEW chat lands on top while the arrangement underneath survives
PASS  unknown id is a no-op (returns the identical array)
PASS  stale neighbour id is a no-op
PASS  exhausted midpoints renormalize — every rank stays unique
PASS  …and renormalizing still changes no field but `order`
PASS  computeMovedOrder: between two ranks = strict midpoint
PASS  computeMovedOrder: top placement outranks the old top
PASS  computeMovedOrder: bottom placement ranks under the old bottom
PASS  computeMovedOrder: collapsed midpoint returns null (renormalize signal)
PASS  reorder allowed in the normal sidebar
PASS  reorder DISABLED while renaming a title
PASS  reorder DISABLED while chat-search filters the list
PASS  dragging one row-height down moves one slot
PASS  half a row is not a slot change
PASS  a drag can never leave its bucket (clamped)
PASS  neighboursAt: dropping at the top has only a next
PASS  neighboursAt: dropping at the bottom has only a prev
PASS  hold window matches the owner spec (350–500ms) and slop is small
PASS  a quick tap still ONLY arms the delayed open (drag never calls openHistory)
PASS  the landed hold cancels the armed open (a long-press can never open a chat)
PASS  a landed hold cannot rename, and a double-click mid-hold cannot fire rename
PASS  touch long-press rename is gone from the row (hold belongs to reorder now)
PASS  touch rename lives in the ⋯ menu instead
PASS  the drag gate is the executable canReorder, fed by editing AND the LIVE search mode
PASS  drag transforms are translateY-only (vertical reorder; RTL rows never move sideways)
PASS  the drop hand-off runs on a TIMER, never an animation callback (hidden-tab rule)
PASS  the drop announces «تم تغيير ترتيب المحادثة» to screen readers
PASS  the store reorder is applyMove + the same synchronous persist as toggleStar
PASS  re-activated chats drop a stale manual slot (Note #9 activity contract)
PASS  buckets render by the manual rank (sortByOrder), not raw ts
PASS  i18n: «Hold to reorder the conversation» → Arabic
PASS  i18n: «Move conversation» → Arabic
PASS  i18n: «Conversation order changed» → Arabic
PASS  i18n: «Rename» → Arabic
PASS  MOUSE: a vertical pull past slop activates the drag immediately (no motionless hold)
PASS  MOUSE: a horizontally-dominant pull is NOT a reorder (text/row intent) — cancels
PASS  MOUSE: micro-jitter inside slop keeps waiting for the hold
PASS  TOUCH: an immediate move stays a SCROLL — never an instant drag
PASS  TOUCH: natural finger wobble (<= 12px) does not kill the long-press
PASS  the Sidebar routes pre-activation movement through preActivate()
PASS  a completed drag's release can never arm an open (the row travels with the pointer)
PASS  the drag styling never force-paints the card a raw color (no node.style.background)
PASS  the dragged row gets the dark card via React state (histRowDragging on the row)
PASS  …and the label goes white for the SAME condition (hover OR dragging — never one without the other)

✓ hold-drag reorder changes position only, persists, and never collides with open/rename/search

PASS  the retired SignInDock component file does not exist
PASS  its visibility module does not exist either
PASS  no source file references the retired dock IN CODE (comments citing its retirement are provenance, not a render path)
PASS  the sidebar guest CTA carries its testid exactly once
PASS  …and «Sign up / Log in» is rendered exactly once in the sidebar (the pre-#1205 duplicate stays gone)
PASS  the layout mounts exactly ONE <AuthModal />
PASS  exactly ONE caller decides auto-show (the layout) — no second component can raise an invitation
PASS  no component beyond the two known-legit ones combines fixed positioning with an auth invitation
PASS  GoogleOneTap is mounted exactly once (kept by owner decisions #1187 + #1205)

── mutation proofs ──
PASS  MUT-1 a file re-importing SignInDock would be caught (while comment provenance stays clean)
PASS  MUT-2 a duplicated sidebar CTA would be caught
PASS  MUT-3 a second <AuthModal /> mount would be caught
PASS  MUT-4 a second auto-show caller would be caught
PASS  MUT-5 a new fixed-position auth card would be caught

exactly one authentication invitation surface — invariant holds
source-text-entities-decoded: HTML escapes must never reach the card as literal text
  ✓ the production dealapp description decodes to zero escape sequences
  ✓ &amp;bull; becomes a real bullet
  ✓ the double-escaped quote pair becomes real quotes
  ✓ &amp;lrm; becomes the invisible bidi mark, not visible text
  ✓ &quot; → "
  ✓ &ndash; / &mdash; → – / —
  ✓ &#8211; (decimal) → –
  ✓ &#x27; (hex) → '
  ✓ &nbsp; → a space character
  ✓ &rlm; → U+200F
  ✓ gathern house_rules `&amp;#34;` decodes to a quote
  ✓ the triple-escaped aqar street (`&amp;amp;12`) stops when stable, never loops
  ✓ entity-free source text comes back byte-identical
  ✓ a bare ampersand is left exactly as published
  ✓ an UNKNOWN named entity is left exactly as published (never guessed)
  ✓ inherited Object.prototype name &toString; is NOT decoded (never fabricate listing text)
  ✓ inherited Object.prototype name &valueOf; is NOT decoded (never fabricate listing text)
  ✓ inherited Object.prototype name &hasOwnPr; is NOT decoded (never fabricate listing text)
  ✓ inherited Object.prototype name &constructo; is NOT decoded (never fabricate listing text)
  ✓ an out-of-range numeric entity is left as published
  ✓ null / undefined pass through untouched
  ✓ every digit sequence survives decoding unchanged (no price/area/date can shift)
  ✓ Arabic letters survive decoding unchanged
  ✓ remote.ts imports the decoder
  ✓ finalize() is still the single row→Listing boundary
  ✓ finalize() decodes title
  ✓ finalize() decodes description
  ✓ finalize() decodes street_name
  ✓ finalize() decodes project_name
  ✓ finalize() decodes direction
  ✓ finalize() decodes residence_type
  ✓ finalize() decodes the street shown in the card headline (road)
  ✓ the additional-info panel decodes its values (Gathern house_rules)
  ✓ no field is passed through raw again (`description: r.description`)

PASS
verify-sql-mirrors-not-stale: every sql/mirrors file must carry the md5 of the
  production text it mirrors, and must not predate the last migration touching it.
  ✓ sql/mirrors contains at least one mirror
  af_eligibility_clause.sql:
  ✓     header records a verified md5
  ✓     recorded md5 still matches the file body — header=ea24a98d… body=235c23be…/ea24a98d…
  ✓     header carries a Refreshed/Re-verified date
  ✓     not older than the newest migration touching it — mirror 2026-08-28 vs 20260822142235_barrier_af_count_surfaces_carry_af.sql (2026-08-22)
  aqar_parse.sql:
  ✓     header records a verified md5
  ✓     recorded md5 still matches the file body — header=3347a572… body=32c33686…/3347a572…
  ✓     header carries a Refreshed/Re-verified date
  ✓     not older than the newest migration touching it — mirror 2026-08-11 vs 20260811130514_sql_mirror_live_drift_detector.sql (2026-08-11)
  listing_native_location_v1.sql:
  ✓     header records a verified md5
  ✓     recorded md5 still matches the file body — header=31036a9c… body=31036a9c…/49dada94…
  ✓     header carries a Refreshed/Re-verified date
  ✓     not older than the newest migration touching it — mirror 2026-08-21 vs 20260821154316_barrier_phasea_offregion_pick_reads_resolver_output.sql (2026-08-21)
  trg_aqar_parse.sql:
  ✓     header records a verified md5
  ✓     recorded md5 still matches the file body — header=e94517e6… body=fe3243bf…/e94517e6…
  ✓     header carries a Refreshed/Re-verified date
  ✓     not older than the newest migration touching it — mirror 2026-08-11 vs 20260811130514_sql_mirror_live_drift_detector.sql (2026-08-11)

✓ verify-sql-mirrors-not-stale: all checks passed.
PASS  A1. before mount every width-gated flag is FALSE — the server's answer, at every width
PASS  A2. after mount, desktop widths DO dock (1280 ≥ 900)
PASS  A3. after mount, phone widths do NOT dock (375 < 900)
PASS  A4. boundary is inclusive and exact (900 on, 899 off; 820 on, 819 off)
PASS  A5. native is always false regardless of width
PASS  A6. MUTATION: the pre-fix logic gives a DIFFERENT answer on server (w=0) vs desktop — i.e. this test fails on the old code
PASS  A6b. …and the fixed logic AGREES on the first render (both false) — passes on the new code
PASS  B. the docked sidebar (src/components/Sidebar.tsx) derives its flag from useAtLeast()
PASS  B. the docked sidebar does NOT compare a raw viewport width inline
PASS  B. the wide result card (src/components/ResultCard.tsx) derives its flag from useAtLeast()
PASS  B. the wide result card does NOT compare a raw viewport width inline
PASS  B. useAtLeast() gates on a mounted flag set in an effect (not on first render)
PASS  C. every viewport breakpoint in src/ lives in lib/responsive.ts and goes through useAtLeast()

✓ SSR and the first client render agree at every breakpoint — proved by behaviour, a mutation, wiring and a full-tree scan


Stale-breaker minimum-population floor — asserted against the REPLAYED final state

PASS  replay resolves mark_stale_listings_inactive to a single effective body
PASS  a named min_population constant exists (not a bare magic number)
PASS  min_population floor is >= 30 (was 8 — too low for a 30% fraction to mean anything)
PASS  circuit-breaker branch (30% stale) gates on min_population
PASS  coverage-gate branch (50% coverage) gates on min_population
PASS  no remaining hardcoded act >= N check under 30 (old floor fully replaced)
PASS  function still never sets active=false directly (report-only, unchanged)

✓ stale-breaker minimum-population floor intact in the replayed final state

PASS  the detector migration is mirrored into git
PASS  its roster-registration migration is mirrored too (an unrostered detector is decoration)
PASS  the detector never performs UPDATE on a listings table
PASS  the detector never performs DELETE from a listings table
PASS  the detector never performs setting active=
PASS  the detector never performs DELETE from the search index
PASS  …it only ever writes monitoring state (mon_raise / mon_resolve_key)
PASS  it computes whether a deactivation path exists (has_path)
PASS  …checking the cleanup.py shape (cleanup:<platform>)
PASS  …the table-scoped sweep shape (aqar_cleanup:<table>)
PASS  …and any platform-scoped liveness run
PASS  it stays silent when a path exists (the wasalt guard-is-holding case is benign)
PASS  it self-heals when the staleness clears
PASS  every mon_resolve_key call passes BOTH kind and dedup_key
PASS  the roster migration reads the LIVE definition (pg_get_functiondef)
PASS  …and needle-edits it rather than restating the array
PASS  …refusing to proceed if the anchor is not unique
PASS  …and is idempotent (re-running is a no-op)
SKIP  mark_stale_listings_inactive has no committed migration in this repo (prod-only object)
PASS  MUTATION: a detector that deactivated listings WOULD be caught by §2
PASS  CONTROL: the real detector is not flagged by that same test

All stale-lifecycle safety invariants hold
PASS  search_row_price_gated is defined in a committed migration (repo == prod)
PASS  search_row_price_gated does NOT re-introduce a price hide predicate (< N)  (select false;)
PASS  search_row_price_gated is neutralised (returns false — never hides a source-published price)  (select false;)

✓ sub-1000 (and any) source-published Buy price is never gated — SOURCE-OF-TRUTH KEEP holds

The sync must compare stored labels against what it would write, not against raw source

PASS  the fix migration is committed (no production-only drift)
PASS  district change-detection compares the DISPLAY expression
PASS  city change-detection compares the DISPLAY expression
PASS  the edit refuses to guess when the body has moved (needle counted, not just found)
PASS  the edit re-reads the LIVE body to post-check (never trusts the string it built)
PASS  unrelated sync behaviour is asserted to survive the rewrite
PASS  a detector for the class exists
PASS  the detector is wired into the roster IN THE SAME migration
PASS  the detector is daily-gated (detector_sweep_budget is already open against the roster)
PASS  the detector ignores rows younger than two sync cycles (no transient false positives)
PASS  the detector resolves its own key when clean (it can close, not only open)
PASS  the fix text never proposes editing source truth
PASS  MUTATION: the OLD comparison cannot see a stuck row — this is the defect
PASS  the NEW comparison DOES see the stuck row, so the sync self-heals it
PASS  MUTATION: the OLD comparison re-selected an already-correct row forever — the churn half
PASS  the NEW comparison leaves an already-canonical row alone
PASS  a settled row stays settled under the new comparison (no new churn introduced)
PASS  the new comparison is not vacuously false (it still fires on a genuinely changed label)
PASS  the two eras disagree on BOTH production shapes
PASS  §42.2 both production rewrites are norm_district_tok-preserving (eligible set cannot move)

All checks passed.

verify-test-registry-complete: every check on disk either runs or is excluded with a
  stated home, and nothing the old chain ran has gone missing.
  ✓ the zero-loss baseline is present and substantial — 200 entries
  ✓ EVERY baseline check is still discovered and run (no test silently disappeared) — all 200 still run
  ✓ no baseline check has been deleted from disk without removing its baseline line — none
  ✓ there is at least one exclusion (live checks legitimately cannot run in npm test)
  ✓ exclusion is a real file: verify-af-agent-cta-live.ts
  ✓ exclusion states a reason: verify-af-agent-cta-live.ts — drives a real browser against production
  ✓ exclusion names a home that exists: verify-af-agent-cta-live.ts — .github/workflows/af-live-truth-check.yml
  ✓ exclusion is a real file: verify-af-live-truth.ts
  ✓ exclusion states a reason: verify-af-live-truth.ts — drives a real browser against production
  ✓ exclusion names a home that exists: verify-af-live-truth.ts — .github/workflows/af-live-truth-check.yml
  ✓ exclusion is a real file: verify-chat-persistence-live.mjs
  ✓ exclusion states a reason: verify-chat-persistence-live.mjs — live check against production; no scheduled workflow yet
  ✓ exclusion names a home that exists: verify-chat-persistence-live.mjs — manual / live run
  ✓ exclusion is a real file: verify-count-rpc-parity-live.ts
  ✓ exclusion states a reason: verify-count-rpc-parity-live.ts — live production RPC parity
  ✓ exclusion names a home that exists: verify-count-rpc-parity-live.ts — .github/workflows/count-rpc-parity-live-check.yml
  ✓ exclusion is a real file: verify-district-source-truth-live.ts
  ✓ exclusion states a reason: verify-district-source-truth-live.ts — live check against production; no scheduled workflow yet
  ✓ exclusion names a home that exists: verify-district-source-truth-live.ts — manual / live run
  ✓ exclusion is a real file: verify-district-suggestion-parity-live.ts
  ✓ exclusion states a reason: verify-district-suggestion-parity-live.ts — live production RPC parity
  ✓ exclusion names a home that exists: verify-district-suggestion-parity-live.ts — .github/workflows/district-suggestion-parity-live-check.yml
  ✓ exclusion is a real file: verify-live-hydration.mjs
  ✓ exclusion states a reason: verify-live-hydration.mjs — post-deploy check against the served bundle
  ✓ exclusion names a home that exists: verify-live-hydration.mjs — .github/workflows/deploy-frontend.yml
  ✓ exclusion is a real file: verify-location-index-source.ts
  ✓ exclusion states a reason: verify-location-index-source.ts — needs the location index source; run by the taxonomy/index suite
  ✓ exclusion names a home that exists: verify-location-index-source.ts — npm run verify:location-index
  ✓ exclusion is a real file: verify-migration-drift-vs-production.ts
  ✓ exclusion states a reason: verify-migration-drift-vs-production.ts — AGENTS.md pins it OUT of npm test: drift anywhere in production would fail every unrelated PR
  ✓ exclusion names a home that exists: verify-migration-drift-vs-production.ts — .github/workflows/migration-drift-guard.yml
  ✓ exclusion is a real file: verify-platform-diversity-live.ts
  ✓ exclusion states a reason: verify-platform-diversity-live.ts — live production diversity check
  ✓ exclusion names a home that exists: verify-platform-diversity-live.ts — .github/workflows/diversity-live-check.yml
  ✓ exclusion is a real file: verify-recency-fallback-live.ts
  ✓ exclusion states a reason: verify-recency-fallback-live.ts — live production check
  ✓ exclusion names a home that exists: verify-recency-fallback-live.ts — .github/workflows/recency-fallback-live-check.yml
  ✓ exclusion is a real file: verify-region-scoped-city-live.ts
  ✓ exclusion states a reason: verify-region-scoped-city-live.ts — live check against production; no scheduled workflow yet
  ✓ exclusion names a home that exists: verify-region-scoped-city-live.ts — manual / live run
  ✓ exclusion is a real file: verify-residential-misfile-recovery.ts
  ✓ exclusion states a reason: verify-residential-misfile-recovery.ts — invoked directly by CI as its own step
  ✓ exclusion names a home that exists: verify-residential-misfile-recovery.ts — .github/workflows/full-verification-ci.yml
  ✓ exclusion is a real file: verify-strict-filter-parity-live.ts
  ✓ exclusion states a reason: verify-strict-filter-parity-live.ts — invoked directly by CI as its own step
  ✓ exclusion names a home that exists: verify-strict-filter-parity-live.ts — .github/workflows/full-verification-ci.yml
  ✓ exclusion is a real file: verify-taxonomy.ts
  ✓ exclusion states a reason: verify-taxonomy.ts — needs network/taxonomy source; run by the taxonomy suite
  ✓ exclusion names a home that exists: verify-taxonomy.ts — npm run verify:taxonomy
  ✓ exclusion is a real file: verify-trending-usable-under-narrowing.ts
  ✓ exclusion states a reason: verify-trending-usable-under-narrowing.ts — live anon-role check against production
  ✓ exclusion names a home that exists: verify-trending-usable-under-narrowing.ts — .github/workflows/count-rpc-parity-live-check.yml
  ✓ exclusion is a real file: verify-unlocated-fallback-scope-live.ts
  ✓ exclusion states a reason: verify-unlocated-fallback-scope-live.ts — live check against production; no scheduled workflow yet
  ✓ exclusion names a home that exists: verify-unlocated-fallback-scope-live.ts — manual / live run
  ✓ exclusion is a real file: verify-web-runtime-smoke.mjs
  ✓ exclusion states a reason: verify-web-runtime-smoke.mjs — drives a real browser; invoked directly by CI
  ✓ exclusion names a home that exists: verify-web-runtime-smoke.mjs — .github/workflows/full-verification-ci.yml
  ✓ no exclusion contradicts the baseline floor — none
  ✓ every verify-* file on disk either RUNS or is explicitly excluded (none merely forgotten) — 226 files all accounted for
  ✓ package.json "test" invokes the runner — node --experimental-strip-types --disable-warning=MODULE_TYPELESS_PACKAGE_JSON scripts/run
  ✓ package.json "test" has NOT regrown an inline chain (the conflict hotspot) — 0 inline verify-* invocation(s)
  ✓ the runner decides pass/fail by strict equality to exit code 0 — const ok = r.status === 0
  ✓ …so a signal-killed child (status === null) cannot be counted as a pass
  ✓ the runner refuses to report success over an empty run set
  ✓ the runner uses the shared registry rather than its own list
  ✓ no check proves its own wiring by string-matching package.json (it must ask npmTestRuns) — 226 files clean
  ✓ .ts checks are invoked with type stripping
  ✓ .mjs checks are invoked without it
  ✓ the run order is deterministic (sorted)

  208 run · 18 excluded · 200 baseline floor
✅ verify-test-registry-complete: all checks passed.
PASS  lightColors and darkColors carry the SAME keys
PASS  every palette value is a real color literal
PASS  CSS defines every variable in the light AND dark blocks
PASS  system dark applies only when no explicit light choice
PASS  color-scheme flips with the theme (native scrollbars/inputs)
PASS  alpha0 turns a hex into its 0-alpha rgba
PASS  themeColors(light) is the literal palette, never var() refs
PASS  themeColors(dark) is the literal dark palette
PASS  resolveTheme: system follows the OS, explicit wins
PASS  ThemeProvider mirrors the mode onto data-theme (system REMOVES it)
PASS  +html injects buildThemeCss() (never a hand-copied palette)
PASS  +html boot script uses the SHARED THEME_KEY constant
PASS  +html boot script never hardcodes the key string
PASS  boot applies the theme pre-hydration (documentElement attribute)
PASS  tokens map every key to var(--ez-*) on web
PASS  tokens fall back to light literals off-web
PASS  src/components/ui.tsx: no colors.* inside reanimated interpolateColor
PASS  src/components/SearchLoader.tsx: no colors.* inside reanimated interpolateColor
PASS  index.tsx: Animated color interpolation uses the resolved palette
PASS  src/components/HeroBackground.tsx: no tokens fed to LinearGradient
PASS  src/components/InfoModal.tsx: no tokens fed to LinearGradient
PASS  src/components/AccountMenu.tsx: no tokens fed to LinearGradient
PASS  HeroBackground swaps to the pre-rendered dark art (no CSS filter hack)
PASS  the menu header carries the eagle-night artwork
PASS  the artwork melts into the panel surface (literal gradient, alpha0)

✅ full-app theme contract holds.
PASS  index.tsx: top-bar sign-in rendered when !user && !docked
PASS  agent.tsx: top-bar sign-in rendered when !user && !docked
PASS  index.tsx: top-bar sign-in calls openAuth
PASS  agent.tsx: top-bar sign-in calls openAuth
PASS  index.tsx: openAuth destructured from useApp
PASS  agent.tsx: openAuth destructured from useApp
PASS  index.tsx: uses translated Sign up / Log in
PASS  agent.tsx: uses translated Sign up / Log in
PASS  index.tsx: topSignIn style defined
PASS  agent.tsx: topSignIn style defined

✓ all top-bar sign-in assertions passed
PASS  J1 a conversation with results + AF rounds serializes to something
PASS  J1 every message survives, in exact order
PASS  J1 the ORIGINAL search turn is still first
PASS  J1 restore returns a usable transcript
PASS  J1 restored order is identical (no reshuffle)
PASS  J1 both AF receipts survive
PASS  J1 the cumulative AF pills survive with both facets
PASS  J1 property cards already shown are still there
PASS  J1 «عرض المزيد» reveal state survives (30 revealed, not reset to 10)
PASS  J1 nothing re-types on restore (all marked done)
PASS  J2 all three results turns persist (original + 2 AF rounds)
PASS  J2 each AF round keeps its OWN result set (rounds are not collapsed)
PASS  J2 switching away and back is a pure round-trip (no drift)
PASS  J3 hard refresh restores every message in order
PASS  J3 hard refresh restores reveal state
PASS  J3 hard refresh restores AF receipts
PASS  J4 logout→login restores every message in order
PASS  J4 logout→login restores reveal state
PASS  J4 logout→login restores AF receipts
PASS  J6 open from Favorites restores every message in order
PASS  J6 open from Favorites restores reveal state
PASS  J6 open from Favorites restores AF receipts
PASS  J5 with no local copy at all, the server copy is USED (not null)
PASS  J5 …and it carries the whole conversation
PASS  J5 no local and no server → null (caller falls back), never a crash
PASS  J9 a newer server meta marks the carried-over local transcript STALE
PASS  J9 …but the local copy is KEPT as an offline fallback, never dropped
PASS  J9 THE NEWER SERVER TRANSCRIPT WINS (all 6 turns, not the stale 3)
PASS  J9 …so the user never sees a truncated conversation
PASS  J9 a local copy NEWER than the server is kept whole and not marked stale
PASS  J9 …and the server is not even consulted for it (instant open)
PASS  J9 server newer but holds NO transcript → local is still shown, never a blank chat
PASS  J9 attaching a fresh transcript clears the stale flag
PASS  J10 every partial/corrupt transcript is REJECTED, not half-rendered (12/12)
PASS  J10 …while the intact transcript still restores
PASS  bounded: a huge turn is capped at 60, never unbounded
PASS  bounded: a truncated turn restarts paging so continuation is gap-free
PASS  bounded: a turn is never truncated below the first page
PASS  an empty chat serializes to null (never an entry that restores blank)
PASS  a lone greeting bubble is still the empty state
PASS  activityStamp takes the max of ts and tRev
PASS  …tRev alone counts (revealing cards bumps only tRev)
PASS  …ts alone counts (a fresh search bumps only ts)
PASS  …a missing entry is older than everything
PASS  WIRING store.tsx delegates merge precedence to chatMerge (no second copy of the rule)
PASS  WIRING hydrateTranscript goes through pickTranscript (never a bare `if (held) return held`)
PASS  WIRING txStale never travels to the server meta
PASS  WIRING a locally captured transcript clears the stale flag
PASS  WIRING delete propagates to the server
PASS  WIRING deletions only propagate for ids the server was known to hold (no mass wipe)

── mutation proofs ──
PASS  MUT-1 restoring `if (held) return held` serves the STALE 3-turn copy → caught
PASS  MUT-2 a serializer that drops results turns loses the cards → caught
PASS  MUT-3 a dead server fetch falls back to local rather than blanking → caught (and is safe)
PASS  MUT-4 reversed message order is detected by the order assertion → caught
PASS  MUT-5 dropping AF receipts is detected → caught
PASS  MUT-6 equal stamps keep the LOCAL conversation whole (a reused id cannot silently replace it)
PASS  MUT-7 a deleted chat is computed as a server deletion → caught if the diff is skipped
PASS  MUT-7 …and removing that diff leaves the server row orphaned
PASS  SCHEMA a user_chats migration is committed
PASS  SCHEMA chat id is a PRIMARY KEY (duplicate ids structurally impossible)
PASS  SCHEMA transcripts cascade-delete with their owner (orphans structurally impossible)
PASS  SCHEMA row-level security is enabled (no cross-user transcript access)

All transcript-integrity invariants hold

Trending must carry EVERY filter the user has already chosen

PASS  remote.ts exposes rpcAllNarrowingParams (the ONE "everything the user chose" definition)
PASS  rpcAllNarrowingParams spreads the NORMAL narrowing (bedrooms / price / area)
PASS  rpcAllNarrowingParams spreads the ADVANCED answers
PASS  rpcFilterParams still produces p_beds_exact
PASS  rpcFilterParams still produces p_beds_min
PASS  rpcFilterParams still produces p_price_min
PASS  rpcFilterParams still produces p_price_max
PASS  rpcFilterParams still produces p_area_min
PASS  rpcFilterParams still produces p_area_max
PASS  rpcAllNarrowingParams omits unset predicates (never sends explicit nulls)
PASS  rpcAllNarrowingParams drops ONLY p_types and p_sort_by
PASS  the Trending city pool is built from rpcAllNarrowingParams
PASS  the Trending city pool no longer uses the advanced-ONLY builder
PASS  the narrowing params are spread into the top_cities_by_deal_ar arguments
PASS  every widening fallback in the CITY pool is gated on the user NOT being narrowed
PASS  district counts come from the results RPC (count and outcome cannot disagree)
PASS  district counts carry the NORMAL narrowing (bedrooms / price / area)
PASS  the trending district row RENDERS the live count, never the wider scope count under narrowing
PASS  the typed district row applies the same rule
PASS  district counts carry the ADVANCED answers
PASS  district count signature invalidates on query.detail
PASS  district count signature invalidates on query.priceMin
PASS  district count signature invalidates on query.priceMax
PASS  district count signature invalidates on query.areaMin
PASS  district count signature invalidates on query.areaMax
PASS  district count signature invalidates on query.amenities
PASS  district count signature invalidates on query.bathMin
PASS  LIVE baseline: the trending RPC returns a real count for the cohort
PASS  LIVE bedrooms (3): trending applies it (count strictly narrows)
PASS  LIVE bedrooms (3): trending count == independent PostgREST count
PASS  LIVE area (120–180 m²): trending applies it (count strictly narrows)
PASS  LIVE area (120–180 m²): trending count == independent PostgREST count
PASS  LIVE price (70k–100k): trending applies it (count strictly narrows)
PASS  LIVE price (70k–100k): trending count == independent PostgREST count
PASS  LIVE stacked (bedrooms + area + price): trending == independent count
PASS  LIVE stacked: the stacked count is far below the unfiltered cohort count (no silent widening)

✓ Trending carries the full filter state, and every predicate is honoured live

PASS  remote.ts exports cohortTypesAr and rpcFilterParams consumes it (single type-expansion definition)
PASS  index.tsx derives the trending cohort from cohortTypesAr — never its own expansion
PASS  city pool key includes the cohort types
PASS  district cache key includes the cohort types
PASS  both RPC calls send p_types for the cohort
PASS  both RPC calls degrade gracefully on a pre-p_types signature (drop types, never blank)
PASS  city + district effects re-run when the cohort types change
PASS  CityOption carries totalInCohort; DistrictOption carries totalInCity
PASS  the option label shows the active count and hides a zero count
PASS  no share percentage is rendered next to a count (owner removed it)
PASS  trending slices exclude zero-count locations (cities AND districts)
PASS  matchCitiesByText: every call site (5) threads cohortTypes (5 scoped, 0 stale-cache-bucket reads)
PASS  topCitiesByListings: every call site (6) threads cohortTypes (6 scoped, 0 stale-cache-bucket reads)
PASS  topDistrictsForCityId: every call site (6) threads cohortTypes (6 scoped, 0 stale-cache-bucket reads)
PASS  matchDistrictsByCityId: every call site (4) threads cohortTypes (4 scoped, 0 stale-cache-bucket reads)

✓ trending cohort contract holds
PASS  assets/images/loc/city.png exists on disk
PASS  assets/images/loc/district.png exists on disk
PASS  TrendingItem carries an optional icon
PASS  TrendingRows renders the icon before the label
PASS  icon sizing mirrors the typed rows (20×20 contain)
PASS  rank number stays
PASS  hide-on-error fallback (onError → render nothing)
PASS  city Top-6 rows get LOC_IMG.city
PASS  district Top-6 rows get LOC_IMG.district
PASS  typed city rows keep LOC_IMG.city
PASS  typed district rows keep LOC_IMG.district
PASS  selected city renders LOC_IMG.city in the field (testID selected-city-visual, ~18px)
PASS  each district chip carries LOC_IMG.district (14px, testID district-chip)
PASS  chip text shrinks, image never causes overflow
PASS  no source={{ uri: … }} in selector surfaces

✓ all trending-visuals assertions passed
PASS  a custom interview type ("Penthouse", not in AR{}) becomes the type placeholder, not raw English
PASS  a real, already-translated type word passes through unchanged
PASS  a Wasalt attribute label that misses the AR{} dict becomes the attribute placeholder, not raw English
PASS  a real, already-translated attribute label passes through unchanged
PASS  both new placeholders are themselves genuinely Arabic (would be a no-op leak-guard otherwise)
PASS  hasLatinLetter finds a Latin letter in an English street address
PASS  hasLatinLetter is false for a pure-digit plan number
PASS  hasLatinLetter is false for an alphanumeric-but-Latin-letter-free code (digits/punctuation only)
PASS  the exact live abeea.com.sa English street_address leak becomes the attribute placeholder
PASS  a real Arabic free-text value (e.g. a street name) passes through unchanged
PASS  a pure numeric plan/land number passes through unchanged (not a language leak)
PASS  empty string is a no-op
PASS  non-Arabic locale is a no-op (English address is correct there, not a leak)
PASS  the raw primitive treats a letter-containing code the same as prose (scoping happens at the call site, not here)
PASS  i18n.tsx's TYPE_UNRESOLVED_AR literal matches what this test asserts against
PASS  i18n.tsx's ATTRIBUTE_UNRESOLVED_AR literal matches what this test asserts against
PASS  interview.tsx imports the Arabic-only input guard (isLatinOnlyInput, ARABIC_ONLY_MSG) from @/i18n
PASS  interview.tsx's goNext() rejects a Latin-only custom answer before calling answer()
PASS  interview.tsx suppresses the cityUnknown note while customErr is showing (the two notes never stack)
PASS  search.ts defines arabicOrTypeUnresolved() (the property-type sibling of arabicOrUnresolved())
PASS  whatText() wraps its tWord() result in arabicOrTypeUnresolved()
PASS  no new unwrapped tWord() call sites feeding search.ts's user-facing type text (found: none)
PASS  ResultCard.tsx's AdditionalInformationPanel wraps the row label in arabicOrPlaceholder(..., ATTRIBUTE_UNRESOLVED_AR)
PASS  ResultCard.tsx's row value passes locale into arAttrValue() (needed for the fix #3 leak check)
PASS  FREE_TEXT_PROSE_LABELS still contains "address" (the original PR#104 case)
PASS  FREE_TEXT_PROSE_LABELS was widened beyond address-only (status/parking type/ac type/kitchen/furnishing/etc.)
PASS  no code/ID label was accidentally added to FREE_TEXT_PROSE_LABELS (would wrongly blank a real license/plan/parcel/postal code): none found (correct)
PASS  arAttrValue()'s free-text fallback calls arabicOrPlaceholderForFreeText only inside the FREE_TEXT_PROSE_LABELS branch
PASS  facade's own fallback branch (bypasses the generic FREE_TEXT_PROSE_LABELS check) also guards against non-Arabic garbage — dealapp's raw scraped HTML/meta-tag leak
PASS  AR_ENUM keeps BOTH 'furnishing' (satel) and 'furniture' (wasalt/aldarim) keys, sharing one value map — renaming either one strands the other's rows in raw English
PASS  furnishing: satel's exact live value 'Fully furnished' is mapped
PASS  furnishing: satel's exact live value 'Partially furnished' is mapped
PASS  status: satel's 'Available'/'Rented out' (202 rows, previously had NO enum entry at all) are mapped
PASS  'parking type': satel's 'underground'/'outdoor'/'shadedOutdoor' (194 rows) are mapped
PASS  'ac type': satel's 'split'/'concealed'/'both' (201 rows) are mapped
PASS  kitchen: satel's 'with-appliances'/'without-appliances' (199 rows) are mapped
PASS  'property usage' extended with eaqartabuk/erapulse's 'agricultural'/'mixed'
PASS  'license status' extended with mizlaj's raw 'approved' (27 rows)
PASS  ResultCard.tsx guards the city with arabicOrPlaceholder(..., LOCATION_UNRESOLVED_AR) BEFORE place() — a raw non-Arabic city (e.g. "Eastern Province") no longer reaches the card headline
PASS  the card title Text uses the guarded cityAr (not a bare place(t(listing.city))) for both the district-comma-city and city-only branches
PASS  the card title district text is also guarded (arabicOrPlaceholder wraps t(listing.district), not a bare place(t(listing.district)))
PASS  agent.tsx's district refine-chip question wraps q.location in arLabel() on the Arabic branch (was raw — could render "أي حي تفضّل في Riyadh؟")

✓ all type-and-attribute-fallback assertions passed
PASS  every rawType resolves into its clean type's expansion (68 pairs, 31 clean types)
PASS  no clean type expands to an EMPTY label set
PASS  Palace folds into فيلا, and فيلا is in Villa's expansion (so a Palace listing IS found)
PASS  House folds to بيت and بيت is in Villa's expansion
PASS  «قصر» is NOT a label we search for — it is the SOURCE word, translated to 'Palace' before storage
PASS  Duplex is NOT folded into Villa (it is a distinct sibling type)
PASS  MUTATION: an unmapped rawType is DETECTED (blind barrier would pass it)
PASS  CONTROL: a correctly-mapped rawType is NOT flagged

All type-expansion assertions passed (68 rawType pairs total)
PASS  a single runTypewriter() helper exists, carrying both the interval AND a bounded fallback setTimeout
PASS  the fallback ceiling is derived from the SAME TYPE_CHARS/TYPE_TICK_MS cadence the interval itself uses — never a hand-picked, driftable second constant
PASS  finish() is idempotent (a `done` latch) — the fallback and a late-but-real interval completion can never both fire onDone/setN
PASS  the returned cleanup clears BOTH the interval and the fallback timeout — an unmounted/superseded Typer can never fire onDone after the fact
PASS  Typer delegates to runTypewriter (no re-inlined duplicate interval that could go unpatched)
PASS  BrandReveal delegates to runTypewriter too (the listings-reply path, not just plain chat replies)
PASS  the closing block (AF button / Load more / feedback row / Read Aloud) is still gated on doneTyping — this fix guarantees that gate resolves promptly, it does not remove the gate
PASS  under normal (un-starved) conditions, the interval reaches full text right on its own natural schedule — the fallback never has to intervene
PASS  …and completes at exactly that point (onDone fires, text reaches its full length)
PASS  a fully-starved interval (never ticks even once) is NOT rescued early — the fallback waits out its own documented ceiling, it does not fire prematurely
PASS  …but at the ceiling, the fallback forces BOTH the full text AND onDone through regardless — this is the guarantee that unblocks the AF button/feedback row/Read Aloud button
PASS  the bounded ceiling here (4000ms) is orders of magnitude below the 40-60+ real SECONDS measured live before this fix — the actual owner-reported failure mode
PASS  zero-length text calls onDone synchronously — never waits on a timer that would never fire a real tick

✓ typewriter completion guarantee holds — a starved interval can never block doneTyping (and everything gated on it) indefinitely


Every visible filter control must map to a real predicate + count path

PASS  found the amenity-bearing question blocks
PASS  amenity questions declare the expected chips
PASS  chip 'rnpl' is a real p_amenities slug
PASS  chip 'kitchen' is a real p_amenities slug
PASS  chip 'parking' is a real p_amenities slug
PASS  chip 'elevator' is a real p_amenities slug
PASS  chip 'ac' is a real p_amenities slug
PASS  chip 'private_entrance' is a real p_amenities slug
PASS  chip 'maid_room' is a real p_amenities slug
PASS  chip 'driver_room' is a real p_amenities slug
PASS  chip 'car_entrance' is a real p_amenities slug
PASS  chip 'sanitation' is a real p_amenities slug
PASS  chip 'sanitation' is a real p_amenities slug
PASS  chip 'electricity' is a real p_amenities slug
PASS  chip 'water_supply' is a real p_amenities slug
PASS  chip 'furnished' is a real p_amenities slug
PASS  count field 'cnt_new' is declared on a counts type
PASS  count field 'cnt_1_2' is declared on a counts type
PASS  count field 'cnt_3_5' is declared on a counts type
PASS  count field 'cnt_6_9' is declared on a counts type
PASS  count field 'cnt_10p' is declared on a counts type
PASS  count field 'cnt_rnpl' is declared on a counts type
PASS  count field 'cnt_kitchen' is declared on a counts type
PASS  count field 'cnt_parking' is declared on a counts type
PASS  count field 'cnt_elevator' is declared on a counts type
PASS  count field 'cnt_ac' is declared on a counts type
PASS  count field 'cnt_private_entrance' is declared on a counts type
PASS  count field 'cnt_maid_room' is declared on a counts type
PASS  count field 'cnt_driver_room' is declared on a counts type
PASS  count field 'cnt_car_entrance' is declared on a counts type
PASS  count field 'cnt_sanitation' is declared on a counts type
PASS  count field 'cnt_electricity' is declared on a counts type
PASS  count field 'cnt_water_supply' is declared on a counts type
PASS  count field 'cnt_furnished' is declared on a counts type
PASS  count field 'cnt_bath1' is declared on a counts type
PASS  count field 'cnt_bath2' is declared on a counts type
PASS  count field 'cnt_bath3' is declared on a counts type
PASS  count field 'cnt_bath4' is declared on a counts type
PASS  count field 'cnt_unfurnished' is declared on a counts type
PASS  count field 'cnt_stw15' is declared on a counts type
PASS  count field 'cnt_stw20' is declared on a counts type
PASS  count field 'cnt_stw25' is declared on a counts type
PASS  count field 'cnt_stw30' is declared on a counts type
PASS  count field 'cnt_dir_n' is declared on a counts type
PASS  count field 'cnt_dir_s' is declared on a counts type
PASS  count field 'cnt_dir_e' is declared on a counts type
PASS  count field 'cnt_dir_w' is declared on a counts type
PASS  count field 'cnt_dir_ne' is declared on a counts type
PASS  count field 'cnt_dir_nw' is declared on a counts type
PASS  count field 'cnt_dir_se' is declared on a counts type
PASS  count field 'cnt_dir_sw' is declared on a counts type
PASS  count field 'cnt_rating95' is declared on a counts type
PASS  count field 'cnt_rating90' is declared on a counts type
PASS  count field 'cnt_rating90_rc10' is declared on a counts type
PASS  count field 'cnt_sub_studio' is declared on a counts type
PASS  count field 'cnt_sub_serviced' is declared on a counts type
PASS  count field 'cnt_sub_regular' is declared on a counts type
PASS  found the interview amenity option list
PASS  interview offers at least one amenity
PASS  interview option 'Air conditioning' maps to an amenity slug
PASS  interview option 'Parking' maps to an amenity slug
PASS  interview option 'Elevator' maps to an amenity slug
PASS  interview option 'Maid room' maps to an amenity slug
PASS  interview slug 'parking' is a real p_amenities slug
PASS  interview slug 'elevator' is a real p_amenities slug
PASS  interview slug 'maid_room' is a real p_amenities slug
PASS  interview slug 'ac' is a real p_amenities slug
PASS  'Pool' is not offered as an amenity option
PASS  'Gym' is not offered as an amenity option
PASS  field registry is readable and populated
PASS  backend-only fields are not exposed as chips (27 backend-only)
PASS  deed_location_text never reaches the filter UI (it is prose, not a predicate)
PASS  every backend-only field records WHY it is hidden
PASS  interview question 'property_age' exists in the pool
PASS  interview field 'property_age' (question 'property_age') is 'advanced' tier in the registry
PASS  interview question 'rnpl' exists in the pool
PASS  interview field 'installment_available' (question 'rnpl') is 'advanced' tier in the registry
PASS  interview question 'bathrooms' exists in the pool
PASS  interview field 'bathrooms' (question 'bathrooms') is 'advanced' tier in the registry
PASS  interview question 'furnished' exists in the pool
PASS  interview field 'furnished' (question 'furnished') is 'advanced' tier in the registry
PASS  interview question 'amenities' exists in the pool
PASS  interview field 'kitchen' (question 'amenities') is 'advanced' tier in the registry
PASS  interview field 'parking' (question 'amenities') is 'advanced' tier in the registry
PASS  interview field 'elevator' (question 'amenities') is 'advanced' tier in the registry
PASS  interview field 'air_conditioner' (question 'amenities') is 'advanced' tier in the registry
PASS  interview field 'private_entrance' (question 'amenities') is 'advanced' tier in the registry
PASS  interview field 'maid_room' (question 'amenities') is 'advanced' tier in the registry
PASS  interview field 'driver_room' (question 'amenities') is 'advanced' tier in the registry
PASS  interview field 'furnished' (question 'amenities') is 'advanced' tier in the registry
PASS  bedrooms stays 'normal' tier and appears in NO interview question
PASS  the scope pool declares exactly TWO scope questions
PASS  scope id 'property_group' is the owner-authorized one, declared in afPlan.ts
PASS  scope id 'property_type' is the owner-authorized one, declared in afPlan.ts
PASS  afPlan ships EXACTLY the two authorized scope tiers — no third tier crept in
PASS  the scope prefix never writes Normal-Filter 'bedrooms'
PASS  the scope prefix never writes Normal-Filter 'priceInput'
PASS  the scope prefix never writes Normal-Filter 'priceMin'
PASS  the scope prefix never writes Normal-Filter 'priceMax'
PASS  the scope prefix never writes Normal-Filter 'areaMin'
PASS  the scope prefix never writes Normal-Filter 'areaMax'
PASS  the scope prefix never writes Normal-Filter 'location'
PASS  the scope prefix never writes Normal-Filter 'districts'
PASS  the scope prefix never writes Normal-Filter 'deal'
PASS  the scope prefix never writes Normal-Filter 'rentPeriod'

✓ every visible control maps to a real predicate, and backend-only fields stay backend-only

PASS  NULL rent_period → NO period suffix (raghdan 598090, the live defect)
PASS  NULL rent_period never emits /yr (tPrice would print «/سنوياً»)
PASS  NULL rent_period never emits /mo either (the opposite guess is equally invented)
PASS  an UNDEFINED rent_period (column absent from the row) is treated the same as NULL
PASS  an unrecognised rent_period token is not silently promoted to annual
PASS  the source figure is passed through verbatim on a NULL-period row
PASS  rent_period=annual still prints /yr
PASS  rent_period=monthly still prints the per-month figure with /mo (24,000 stored → 2,000/mo)
PASS  Buy rows carry no period suffix at all, whatever rent_period says
PASS  a price-less row still falls back to the «السعر عند الطلب» sentinel
PASS  finalize() delegates the price line to listingPriceString()
PASS  finalize() does not re-inline the old "not monthly ⇒ /yr" expression
PASS  finalize() does not default Listing.rentPeriod to annual either
PASS  keptFiltersReq still filters ANNUAL searches to an explicit rent_period='annual'
PASS  npm test runs this guard

✅ unknown-rent-period: an unpublished period stays unpublished.
  ✓ مستودع/بيع/الرياض (live): fixed rotation never yields a single-platform first page
  ✓ مستودع/بيع/الرياض (live): the pre-fix rotation DID break (test is not vacuous)
  ✓ skewed 80/6/3/2: fixed rotation never yields a single-platform first page
  ✓ skewed 80/6/3/2: the pre-fix rotation DID break (test is not vacuous)
  ✓ rotation still varies the listings a returning visitor sees
  ✓ re-interleave preserves the exact multiset of listings
  ✓ re-interleave preserves each platform's row count exactly
  ✓ a genuinely single-platform result set is passed through unchanged
  ✓ runSearch imports rediversifyByPlatform
  ✓ the visitOffset rotation re-interleaves by platform

✅ repeat-visit rotation preserves platform diversity

Voice-input composer contract (owner brief 2026-08-23)

PASS  0a. voiceInput.ts uses ONLY built-in browser APIs — no fetch/XHR/WebSocket, no paid provider
PASS  0b. recognizer is pinned Arabic-only (ar-SA), no language picker path
PASS  1. recording row is rendered inside the composer surface as an absolute overlay (no modal/sheet)
PASS  9a. control order is X → waveform → Stop → Send (Stop immediately left of Send, Send far right)
PASS  9b/13. the row is PHYSICALLY pinned direction:'ltr' so the page's RTL can never mirror it
PASS  2. cancelVoice discards via cancelVoiceInput() and never sends or rewrites the composer text
PASS  3. stopVoice stops capture (stopVoiceInput) and places the transcript into the input — never send()
PASS  4. sendVoice is guarded by the voiceFinalizingRef reentrancy latch as its FIRST statement
PASS  5a. sendVoice submits via the one existing send() path, exactly once, after synchronous teardown
PASS  5b. stopVoiceInput() hands the transcript out at most once (inactive → empty no-op)
PASS  5c. Enter-while-recording routes to the SAME guarded voice send, never a raw send()
PASS  6a. teardown() invalidates continuations, stops every mic track, aborts recognizer, closes audio
PASS  6b. capture is cancelled on unmount AND on navigation blur AND on New Chat
PASS  6c. a cancel during the permission prompt still stops the late-granted stream (generation guard)
PASS  7. onFailure restores voiceState to idle and shows a t()-translated notice (no raw browser text)
PASS  18. the mic button only renders when isVoiceInputSupported() is true
PASS  8/10. waveform wrapper is flex:1 + overflow hidden; canvas absolutely pinned; controls fixed 34px
PASS  4b. waveform is driven by real AnalyserNode RMS samples (no Math.random anywhere in the path)
PASS  4c. level sampling rides a plain interval, not rAF (hidden-tab freeze — repo rule PR #341/#346)
PASS  11. all four controls carry t() accessibility labels with the owner-specified Arabic values
PASS  12. every user-visible voice string has an Arabic dictionary entry (English leaks = 0)
PASS  13m. the morph transition is gated on useReducedMotion() (opacity-only state change when reduced)
PASS  14a. voiceInput.ts and readAloud.ts import NOTHING from each other (zero shared state)
PASS  14b. starting voice input stops Read Aloud, and read-aloud starting mid-recording is stopped too
PASS  15. text typed before recording is captured (voiceBaseRef) and merged — never destroyed
PASS  16. every exit path (cancel/stop/send/failure) returns voiceState to 'idle'
PASS  17. every transition flips voiceActiveRef synchronously; the ref is never render-derived
PASS  W. verify-voice-composer-contract.ts is wired into `npm test`

voice-composer contract: all checks passed

Voice-input error-classification barrier (owner report 2026-08-24)

PASS  'no-speech'/'aborted' still short-circuit BEFORE teardown — routine silence/hiccup, covered by onend's keep-alive restart, never surfaced as a failure
PASS  every OTHER code reaches teardown() + handlers.onFailure(...) — no code can silently do nothing (the exact 'audio-capture' bug: previously ANY code besides not-allowed/service-not-allowed produced zero feedback and left the composer stuck in recording mode forever)
PASS  'not-allowed' is the ONLY code mapped to 'denied' — service-not-allowed/audio-capture/network/anything else fall through to 'blocked', never the permission message
PASS  getUserMedia's own catch block is untouched — NotAllowedError/SecurityError still map to 'denied', everything else to 'unavailable' (that classification was already correct; only the RECOGNIZER's error mapping was the bug)
PASS  VoiceHandlers.onFailure's kind union includes 'blocked' alongside denied/unavailable/error
PASS  audioCtx.resume() is AWAITED (not fire-and-forget) before the recognizer starts — removes the race between two audio-session operations that is a documented iOS Safari failure source
PASS  a cancellation during that resume-await is still honored (gen check immediately after) — lifecycle safety is not weakened by the new await point
PASS  agent.tsx's onFailure handler branches on kind === 'blocked' with its OWN t() string, distinct from both the 'denied' settings-check text and the generic 'not available' fallback
PASS  the 'denied' branch (settings-check text) is evaluated FIRST and only for kind === 'denied' — 'blocked' can never fall into it
PASS  'service-not-allowed' resolves to the plain 'not supported' text (the SAME key isVoiceInputSupported's own gate uses) — owner ruling 2026-08-25: on the owner's real iPhone every checkable iOS setting (Lockdown Mode off, Screen Time restriction allowed, Siri on) was already correct and it still failed, only in Safari; with no configurable cause left, this reuses the existing 'not supported' string rather than a Safari-specific troubleshooting text that had already proven unhelpful
PASS  no Safari-specific settings-troubleshooting STRING (Lockdown Mode / Screen Time / Siri+Dictation) survives in the message-selection ternary itself — the whole approach was retired, not merely reworded (a surrounding explanatory comment naming the investigation history is fine; the user-facing string is what matters here)
PASS  the 'blocked' message has a real Arabic dictionary entry
PASS  that Arabic entry contains no Latin-letter leak
PASS  no-speech is routine — never surfaced as a failure
PASS  aborted is routine — never surfaced as a failure
PASS  not-allowed → 'denied' (the one true permission-refusal code)
PASS  service-not-allowed → 'blocked', NOT 'denied' — this is the exact owner-reported bug: a service-level refusal must never claim permission was the problem
PASS  audio-capture → 'blocked' (previously: nothing at all — the composer hung silently in recording mode)
PASS  network → 'blocked'
PASS  an unrecognized/future code (e.g. bad-grammar) still resolves gracefully to 'blocked' — never silently swallowed
PASS  onFailure's detail param threads from getUserMedia's own catch (the error's .name, e.g. 'NotReadableError')
PASS  the unsupported early-return and the two rec.start() throw sites all pass a non-empty detail too — no onFailure call site is silently detail-less
PASS  agent.tsx appends the detail as a parenthetical ONLY when present — a call with no detail shows the plain human message, never "(undefined)"
PASS  kind='denied' always wins, regardless of detail
PASS  kind='blocked' + detail='service-not-allowed' → the plain 'not supported' text, not the generic 'try again'
PASS  kind='blocked' + any OTHER detail (e.g. 'audio-capture') → the generic 'try again' text, unaffected by the service-not-allowed branch
PASS  kind='blocked' with NO detail → still the generic 'try again' text
PASS  kind='unavailable' → the plain 'not available' fallback, untouched
PASS  kind='error' → the plain 'not available' fallback (no dedicated 'error' text exists)
PASS  with a detail present, the composed notice is "<message> (<code>)" — exactly what a real-device report needs to be traceable
PASS  with no detail, the composed notice is the plain message — no stray parenthesis ever appears
PASS  this barrier is wired into `npm test`

voice error-classification barrier: all checks passed

Voice-input capture path + stop-loading barrier (owner reports 2026-08-24/25)

PASS  startVoiceInput has ONE unified capture path with NO browser-name branch of any kind — getUserMedia runs unconditionally for every platform the capability gate admits
PASS  THE WEBKIT GRAPH-PULL FIX: the analyser is tapped into the destination through a ZERO-gain node — source → analyser → gain(0) → destination — so WebKit actually processes the graph and RMS reads real amplitude, while gain 0 guarantees nothing audible
PASS  an interrupted/suspended context mid-session re-resumes itself (onstatechange) — iOS can yank a running context on Siri/calls/route changes, and without this the waveform freezes for the rest of the recording
PASS  the recognizer (step 3) is reached unconditionally after capture setup — every supported platform gets a working recognizer even if the analyser graph failed (its try/catch is non-fatal)
PASS  the RMS sampling itself is untouched real math over getByteTimeDomainData — no Math.random, no fabricated animation anywhere in the level path
PASS  voiceState's type includes 'processing' alongside idle/recording
PASS  stopVoice stops capture SYNCHRONOUSLY (stopVoiceInput() called immediately, before any state transition) — the loading beat is cosmetic dwell time, never a delay on when recording actually ends
PASS  stopVoice enters 'processing' immediately after capture stops, then defers 'idle' + setTyped behind a setTimeout gated on a fresh generation token
PASS  a NEW recording (startVoice), a cancel (X), unmount, AND navigation-blur ALL bump voiceStopGenRef — a stale processing beat can never fire after any of them supersede it
PASS  the composer's normal controls stay hidden/inert for the WHOLE voice flow (recording AND processing), not just while the mic is literally live — voiceState !== 'idle', not === 'recording'
PASS  the recording row stays mounted/visible through 'processing' too (only hides once fully idle), but stays non-interactive unless actually recording
PASS  the waveform slot shows the REAL waveform while recording, an ActivityIndicator while processing, and nothing while idle — three distinct branches, not a boolean toggle
PASS  ActivityIndicator is imported from react-native (the same component already used elsewhere in this codebase for loading states — no new dependency)
PASS  immediately after Stop, voiceState is "processing" (not yet idle) — the beat is real, not skipped
PASS  one tick before the beat completes, still "processing" and typed is still unset
PASS  at 450ms the beat completes: voiceState is idle AND the transcript landed
PASS  a superseded processing beat is a no-op — the NEW recording session is untouched, never yanked back to idle by the stale timer
PASS  this barrier is wired into `npm test`

voice iOS-capture + stop-loading barrier: all checks passed

Safari/WebKit voice-input support-detection barrier (capability-only, 2026-08-25 ruling)

PASS  isVoiceInputSupported() checks BOTH constructors (SpeechRecognition OR webkitSpeechRecognition) — never only the webkit-prefixed one, never only the bare one
PASS  the formula ANDs in getUserMedia existence — a recognizer with no mic path is not "supported"
PASS  native (Platform.OS !== 'web') and no-window both fail closed to false — a graceful, not a crashing, gap
PASS  NO browser-name/UA check of any kind survives inside the function body — capability-only, permanently (regression guard for the 2026-08-24 exclusion this barrier now forbids from ever coming back)
PASS  the ONLY two statements in the function are the early platform/window guard and the capability return — nothing sits between them
PASS  the isIOSSafariEngine() helper itself is gone from the module entirely, not merely unused — nothing to accidentally re-wire it to
PASS  isVoiceInputSupported() never reads navigator.permissions / a permission state string — support is judged purely on API presence, so a genuinely-supported browser with permission still at "prompt" is never hidden
PASS  startVoiceInput() likewise never gates on permission state before attempting getUserMedia — the browser's own prompt is the ONE permission signal, never pre-empted by a guess
PASS  the mic button in agent.tsx calls isVoiceInputSupported() directly in render — evaluated fresh every render, never a one-time cached boolean (useState initializer / module-level constant) that could go stale
PASS  1. bare SpeechRecognition present (no webkit prefix) + getUserMedia → mic SHOWN
PASS  2. ONLY webkitSpeechRecognition present (real macOS Safari's exact shape — confirmed live, Safari 26.5) + getUserMedia → mic SHOWN
PASS  2b. genuine iPhone Safari — capability present, getUserMedia present → mic SHOWN (2026-08-25 ruling: capability detection is browser-name-blind; a genuine iPhone Safari failure is handled at RUNTIME via onFailure, never hidden ahead of time)
PASS  3. recognition present but mic permission still "prompt" (undecided, not yet granted) → mic SHOWN — the detector does not read permission state at all, so this is identical to case 2 by construction
PASS  4. neither SpeechRecognition nor webkitSpeechRecognition present (genuinely unsupported engine) → mic HIDDEN
PASS  5. native runtime (Platform.OS !== 'web', the compiled iOS/Android app shell) → mic HIDDEN gracefully regardless of any global state, never throws
PASS  6. recognizer present but getUserMedia absent (no mic path at all) → mic HIDDEN — a recognizer with nothing to feed it is not real support
PASS  this barrier is wired into `npm test`

Safari/WebKit voice support-detection barrier: all checks passed
verify-wasalt-amenity-vocabulary: absence of a keyword wasalt never uses is not a "no".

PASS  wasalt does NOT map elevator from featureAmenities
PASS  wasalt does NOT map air_conditioner from featureAmenities
PASS  wasalt does NOT map private_entrance from featureAmenities
PASS  wasalt does NOT map optical_fibers from featureAmenities
PASS  wasalt does NOT map water_supply from featureAmenities
PASS  wasalt does NOT map electricity from featureAmenities
PASS  wasalt does NOT map sanitation from featureAmenities
PASS  wasalt still maps parking (vocabulary proven to use it)
PASS  wasalt still maps kitchen (vocabulary proven to use it)
PASS  wasalt still maps maid_room (vocabulary proven to use it)
PASS  wasalt still maps driver_room (vocabulary proven to use it)
PASS  wasalt still maps laundry_room (vocabulary proven to use it)
PASS  wasalt still maps balcony_terrace (vocabulary proven to use it)
PASS  wasalt has() still returns None when featureAmenities is absent (list-absent -> unknown)
PASS  ops_source_published_negative allowlist is committed
PASS  the allowlist requires evidence (NOT NULL column)
PASS  detect_manufactured_negatives is defined in a committed migration
PASS  the detector consults the allowlist
PASS  the exemption is scoped to (platform, col), not a whole platform
PASS  the false-with-zero-true predicate still fires for unlisted pairs
PASS  the detector still emits platform/col/n_false for a real finding
PASS  at least one allowlist entry is seeded with evidence
PASS  allowlist evidence is substantive (no TODO/n-a placeholder)
PASS  allowlist evidence is long enough to state a measurement

✓ wasalt maps only what its vocabulary can express; the barrier stays strict elsewhere
wasalt-price-total-never-ppm: the list-crawl must not overwrite a source-published total

PASS  wasalt_preserve_detail() has a committed definition
  winning definition: 20260806063329_wasalt_price_total_never_holds_the_per_metre_rate.sql

PASS  assigns NEW.price_total from the source payload
PASS  reads ar_data->'propertyInfo'->>'salePrice' as the total
PASS  never derives price_total by arithmetic
PASS  only repairs the understating direction (src >= incoming * 10)
PASS  still preserves the richer additional_info panel
PASS  a migration wires mon_detect_price_source_mismatch into the detector runner

✅ wasalt price_total keeps the source-published total; the write path stays closed.
verify-wasalt-rent-period-evidence: raw rentFreq preserved, x12 decision pinned,
  and the barrier gated on snapshot age.
  ✓ run.py captures the rentFreq block into a variable
  ✓ run.py writes it to source_capture (so the annualisation question stays answerable)
  ✓ the capture is conditional, so a listing whose source sent no rentFreq stores nothing
  ✓ the monthly-default branch is present and parseable
  ✓ it does NOT assign rent_price from rf_yearly (owner decision pending — see header) — swapping to the published yearly would misstate the card's monthly headline
  ✓ the deliberate choice is documented in place, not silent
  ✓ the yearly-default branch stores the source figure verbatim
  ✓ the staleness-gate migration is committed — 20260815233826_wasalt_rent_period_staleness_gate_and_annualisation_barrier.sql
  ✓ the corroboration view exposes the snapshot age
  ✓ the view exposes a contemporaneous flag
  ✓ P1 fires only on a CONTEMPORANEOUS disagreement
  ✓ a stale-only population is still reported (the barrier distinguishes, never silences)
  ✓ the annualisation exposure has its own detector
  ✓ the new detector is wired into the roster (else it is decoration)

✓ verify-wasalt-rent-period-evidence: all checks passed.
── (A) toWholeNumberDigits — one-shot value / paste ──
PASS  "500.5"        → "500"      | owner: Latin decimal truncated, NOT 5005
PASS  "500٫5"        → "500"      | owner: Arabic decimal separator U+066B
PASS  "1,500.75"     → "1500"     | owner: comma dropped, fraction cut
PASS  "1500"         → "1500"     | owner: whole number untouched
PASS  "1.999"        → "1"        | multi-digit fraction dropped, not 1999
PASS  "0.5"          → "0"        | leading-zero decimal → 0
PASS  ".5"           → ""         | no integer part → empty ("no limit")
PASS  "500."         → "500"      | trailing separator
PASS  "250.00"       → "250"      | whole-looking decimal → 250, not 25000
PASS  "99999.99"     → "99999"    | large value, fraction dropped, not 9999999
PASS  "1,000,000"    → "1000000"  | multiple grouping commas removed
PASS  "2٬500"        → "2500"     | Arabic thousands sep U+066C removed (not a decimal)
PASS  "٥٠٠٫٥"        → "500"      | Arabic-Indic digits + Arabic decimal
PASS  "۲٬۵۰۰"        → "2500"     | Persian digits + Arabic thousands
PASS  "١٫٩"          → "1"        | Arabic-Indic decimal → 1
PASS  ""             → ""         | empty stays empty
PASS  "abc"          → ""         | letters stripped → empty
PASS  "SAR 250"      → "250"      | currency prefix + space stripped
PASS  "250 SAR"      → "250"      | currency suffix stripped

── (B) wholeNumberKeyDecision — char-by-char web keydown guard ──
PASS  key="5"         locked=false → block=false next=false | digit typed normally → allowed
PASS  key="."         locked=false → block=true next=true | decimal separator blocked, starts fractional lock
PASS  key="5"         locked=true  → block=true next=true | fractional-tail digit swallowed (prevents 500.5 → 5005)
PASS  key="٫"         locked=false → block=true next=true | Arabic decimal blocked
PASS  key="Decimal"   locked=false → block=true next=true | web "Decimal" key name blocked
PASS  key="٥"         locked=false → block=false next=false | Arabic-Indic digit typed normally → allowed
PASS  key="٥"         locked=true  → block=true next=true | Arabic fractional-tail digit swallowed
PASS  key="Backspace" locked=true  → block=false next=false | DELETE works and resets the lock
PASS  key="ArrowLeft" locked=true  → block=false next=false | cursor navigation works and resets the lock
PASS  key="Enter"     locked=false → block=false next=false | submit works
PASS  key=","         locked=false → block=true next=false | grouping comma never typed manually → blocked, lock unchanged
PASS  key="a"         locked=false → block=false next=false | letter allowed at keypress (helper strips it on change)

✓ all 31 whole-number-input assertions passed

✅ run-tests: all 208 checks passed in 27s
